date,total_sales,total_customers,slip_count,avg_spend_per_customer,avg_customers_per_slip,weekday,weekday_name,is_weekend,lunch_ratio,dinner_ratio,alcohol_ratio,topping_ratio,soft_drink_ratio,alacarte_ratio,item_count,unique_products,avg_items_per_slip,peak_concentration,month,day
2024-01-07,0,4,1,0.0,4.0,6,Sunday,1,0.0,0.0,0.0,0.0,0.0,0.0,3,3,3.0,0.0,1,7
2024-01-08,0,12,12,0.0,1.0,0,Monday,0,0.0,0.0,0.0,0.0,0.0,0.0,17,7,1.4166666666666667,0.0,1,8
2024-01-10,1518,91,80,16.681318681318682,1.1375,2,Wednesday,0,0.0,1.0,0.0,0.0,0.0,0.0,186,39,2.325,0.0,1,10
2024-01-11,0,37,37,0.0,1.0,3,Thursday,0,0.0,0.0,0.0,0.0,0.0,0.0,164,29,4.4324324324324325,0.0,1,11
2024-01-13,0,35,34,0.0,1.0294117647058822,5,Saturday,1,0.0,0.0,0.0,0.0,0.0,0.0,70,18,2.0588235294117645,0.0,1,13
2024-01-15,0,25,23,0.0,1.0869565217391304,0,Monday,0,0.0,0.0,0.0,0.0,0.0,0.0,86,21,3.739130434782609,0.0,1,15
2024-01-16,379755,338,294,1123.5355029585799,1.1496598639455782,1,Tuesday,0,0.405955884495469,0.285556105947143,0.0,0.0,0.0,0.0,514,28,1.748299319727891,0.270549841195839,1,16
2024-01-17,427604,395,355,1082.5417721518988,1.1126760563380282,2,Wednesday,0,0.4123436326435472,0.3001994250343166,0.0,0.0,0.0,0.0,577,23,1.6253521126760564,0.27145114086659244,1,17
2024-01-18,380715,342,317,1113.201754385965,1.0788643533123028,3,Thursday,0,0.4196287404110792,0.3279850090765357,0.0,0.0,0.0,0.0,510,24,1.608832807570978,0.2896293259940271,1,18
2024-01-19,373584,338,303,1105.2781065088757,1.1155115511551155,4,Friday,0,0.4226487523992322,0.28908902997194746,0.0,0.0,0.0,0.0,492,22,1.6237623762376239,0.298361139819873,1,19
2024-01-20,198814,179,140,1110.6927374301677,1.2785714285714285,5,Saturday,1,0.43913909483235586,0.2257939581719597,0.0,0.0,0.0,0.0,274,23,1.957142857142857,0.32062631404227065,1,20
2024-01-21,205557,185,141,1111.118918918919,1.3120567375886525,6,Sunday,1,0.29924546476159897,0.29940600417402474,0.0,0.0,0.0,0.0,269,24,1.9078014184397163,0.24027398726387328,1,21
2024-01-22,355664,329,290,1081.045592705167,1.1344827586206896,0,Monday,0,0.485229020814366,0.25360248642200106,0.0,0.0,0.0,0.0,462,23,1.5931034482758621,0.3321508178193577,1,22
2024-01-23,277563,228,209,1217.3815789473683,1.0909090909090908,1,Tuesday,0,0.528615776486508,0.2525272625965136,0.0,0.0,0.0,0.0,325,27,1.555023923444976,0.3873278675475603,1,23
2024-01-24,249592,202,185,1235.6039603960396,1.0918918918918918,2,Wednesday,0,0.5177443742773281,0.2413946455572356,0.0,0.0,0.0,0.0,284,28,1.5351351351351352,0.3586231432891577,1,24
2024-01-25,267388,219,187,1220.9497716894978,1.1711229946524064,3,Thursday,0,0.4948576600296199,0.20939608359387857,0.0,0.0,0.0,0.0,311,27,1.6631016042780749,0.38682738193187427,1,25
2024-01-26,252219,207,190,1218.4492753623188,1.0894736842105264,4,Friday,0,0.5086135461642461,0.2617209647171704,0.0,0.0,0.0,0.0,292,26,1.5368421052631578,0.3861485455100528,1,26
2024-01-27,164648,128,109,1286.3125,1.1743119266055047,5,Saturday,1,0.39176910742918225,0.2824024585783004,0.0,0.0,0.0,0.0,197,27,1.8073394495412844,0.29509620523784075,1,27
2024-01-28,135529,111,81,1220.981981981982,1.3703703703703705,6,Sunday,1,0.443250392659337,0.21749194015045054,0.0,0.0,0.0,0.0,163,28,2.0123456790123457,0.2740348846821526,1,28
2024-01-29,237041,189,169,1254.1851851851852,1.1183431952662721,0,Monday,0,0.49481891674151995,0.29381696283880765,0.0,0.0,0.0,0.0,278,30,1.6449704142011834,0.42731204104121717,1,29
2024-01-30,227337,180,157,1262.9833333333333,1.1464968152866242,1,Tuesday,0,0.5922178988326848,0.14591439688715954,0.0,0.0,0.0,0.0,284,29,1.8089171974522293,0.4235408560311284,1,30
2024-01-31,242045,199,183,1216.3065326633166,1.0874316939890711,2,Wednesday,0,0.5656556272934182,0.2691253657856844,0.0,0.0,0.0,0.0,296,28,1.6174863387978142,0.4015049468159227,1,31
2024-02-01,208197,176,164,1182.9375,1.0731707317073171,3,Thursday,0,0.5989327415860939,0.1963332804987584,0.0,0.0,0.0,0.0,259,30,1.579268292682927,0.4333491837058171,2,1
2024-02-02,236337,191,177,1237.3664921465968,1.07909604519774,4,Friday,0,0.5698990087899757,0.25743407518234523,0.0,0.0,0.0,0.0,266,26,1.502824858757062,0.44870955676080043,2,2
2024-02-03,137519,111,89,1238.9099099099099,1.247191011235955,5,Saturday,1,0.36746708473979744,0.2089299140923707,0.0,0.0,0.0,0.0,162,23,1.8202247191011236,0.2672415172215201,2,3
2024-02-04,166496,153,120,1088.2091503267975,1.275,6,Sunday,1,0.4201242071881607,0.1804968287526427,0.0,0.0,0.0,0.0,216,28,1.8,0.30582716701902746,2,4
2024-02-05,75328,81,64,929.9753086419753,1.265625,0,Monday,0,0.757447429906542,0.036799065420560745,0.0,0.0,0.0,0.0,105,18,1.640625,0.4724007009345794,2,5
2024-02-06,171985,144,128,1194.3402777777778,1.125,1,Tuesday,0,0.4233450591621362,0.2717620722737448,0.0,0.0,0.0,0.0,211,27,1.6484375,0.30905020786696513,2,6
2024-02-07,230021,191,177,1204.2984293193717,1.07909604519774,2,Wednesday,0,0.5139400315623356,0.28803022332743533,0.0,0.0,0.0,0.0,264,28,1.4915254237288136,0.40380660896179044,2,7
2024-02-08,205489,172,156,1194.703488372093,1.1025641025641026,3,Thursday,0,0.5474049192761946,0.2161664318994474,0.0,0.0,0.0,0.0,245,30,1.5705128205128205,0.41727164373171527,2,8
2024-02-09,213598,175,150,1220.56,1.1666666666666667,4,Friday,0,0.5114326913173345,0.2480173035328046,0.0,0.0,0.0,0.0,258,30,1.72,0.34081779791945616,2,9
2024-02-10,146080,122,95,1197.377049180328,1.2842105263157895,5,Saturday,1,0.2463855421686747,0.32643072289156627,0.0,0.0,0.0,0.0,173,29,1.8210526315789475,0.09246987951807228,2,10
2024-02-11,174515,147,100,1187.1768707482993,1.47,6,Sunday,1,0.3804601323668453,0.34257800189095494,0.0,0.0,0.0,0.0,226,28,2.26,0.2755121336274819,2,11
2024-02-12,169886,127,92,1337.6850393700788,1.3804347826086956,0,Monday,0,0.33119130004943154,0.3089471082550667,0.0,0.0,0.0,0.0,205,27,2.2282608695652173,0.23790692747687311,2,12
2024-02-13,178431,154,127,1158.642857142857,1.2125984251968505,1,Tuesday,0,0.5677825041612724,0.15899143086122927,0.0,0.0,0.0,0.0,217,28,1.7086614173228347,0.4094692065840577,2,13
2024-02-14,195129,162,148,1204.5,1.0945945945945945,2,Wednesday,0,0.49613845199842155,0.2581881729522521,0.0,0.0,0.0,0.0,234,28,1.5810810810810811,0.3959636958114888,2,14
2024-02-15,236830,193,174,1227.0984455958549,1.1091954022988506,3,Thursday,0,0.469019972131909,0.28574082675336737,0.0,0.0,0.0,0.0,287,31,1.6494252873563218,0.30334417092429167,2,15
2024-02-16,212520,178,157,1193.9325842696628,1.1337579617834395,4,Friday,0,0.5381469979296066,0.23167701863354037,0.0,0.0,0.0,0.0,267,28,1.7006369426751593,0.387008281573499,2,16
2024-02-17,149234,122,102,1223.2295081967213,1.196078431372549,5,Saturday,1,0.3643453135595719,0.22627296046230505,0.0,0.0,0.0,0.0,183,29,1.7941176470588236,0.2998496329274405,2,17
2024-02-18,132594,115,87,1152.9913043478261,1.3218390804597702,6,Sunday,1,0.3748133399701344,0.3504230960676954,0.0,0.0,0.0,0.0,157,26,1.8045977011494252,0.2965820474531276,2,18
2024-02-19,161128,137,122,1176.1167883211679,1.1229508196721312,0,Monday,0,0.4992490442381212,0.2545740032768979,0.0,0.0,0.0,0.0,196,29,1.6065573770491803,0.3483752048061169,2,19
2024-02-20,222882,263,177,847.4600760456274,1.4858757062146892,1,Tuesday,0,0.4671305892804264,0.3273122100483664,0.0,0.0,0.0,0.0,448,30,2.531073446327684,0.3331359194551377,2,20
2024-02-21,186846,158,140,1182.5696202531647,1.1285714285714286,2,Wednesday,0,0.4613799599670317,0.33963263864358884,0.0,0.0,0.0,0.0,227,30,1.6214285714285714,0.3183209702107618,2,21
2024-02-22,149358,133,121,1122.9924812030076,1.0991735537190082,3,Thursday,0,0.5068493150684932,0.31064958020327,0.0,0.0,0.0,0.0,180,26,1.487603305785124,0.400206215937546,2,22
2024-02-23,100078,81,58,1235.530864197531,1.396551724137931,4,Friday,0,0.2973681212259314,0.34863848695454025,0.0,0.0,0.0,0.0,119,23,2.0517241379310347,0.17671186054460522,2,23
2024-02-24,111177,86,60,1292.7558139534883,1.4333333333333333,5,Saturday,1,0.26862570495696053,0.3695458593054319,0.0,0.0,0.0,0.0,136,28,2.2666666666666666,0.23122588305135056,2,24
2024-02-25,76593,63,51,1215.7619047619048,1.2352941176470589,6,Sunday,1,0.404171528588098,0.316073512252042,0.0,0.0,0.0,0.0,94,20,1.8431372549019607,0.2920070011668611,2,25
2024-02-26,135883,130,106,1045.253846153846,1.2264150943396226,0,Monday,0,0.5289403383793411,0.2534606978062009,0.0,0.0,0.0,0.0,165,25,1.5566037735849056,0.4205456164494455,2,26
2024-02-27,134376,114,103,1178.7368421052631,1.1067961165048543,1,Tuesday,0,0.5251465851845735,0.27161615327442395,0.0,0.0,0.0,0.0,153,21,1.4854368932038835,0.3786439838136923,2,27
2024-02-28,222046,187,165,1187.4117647058824,1.1333333333333333,2,Wednesday,0,0.47859902903002083,0.27509164767660754,0.0,0.0,0.0,0.0,266,33,1.612121212121212,0.36208263152680076,2,28
2024-02-29,173987,146,128,1191.6917808219177,1.140625,3,Thursday,0,0.5117911108301195,0.27419864702535246,0.0,0.0,0.0,0.0,214,31,1.671875,0.40658784851741797,2,29
2024-03-01,232254,193,157,1203.3886010362694,1.2292993630573248,4,Friday,0,0.4053708439897698,0.37037037037037035,0.0,0.0,0.0,0.0,270,32,1.7197452229299364,0.3231505162451454,3,1
2024-03-02,147080,113,73,1301.5929203539822,1.547945205479452,5,Saturday,1,0.37830907308243455,0.36775020740629005,0.0,0.0,0.0,0.0,203,32,2.780821917808219,0.32513764235613546,3,2
2024-03-03,117942,99,76,1191.3333333333333,1.3026315789473684,6,Sunday,1,0.2815706024995337,0.4719268793135609,0.0,0.0,0.0,0.0,159,27,2.0921052631578947,0.2420257414661444,3,3
2024-03-04,143935,122,106,1179.795081967213,1.150943396226415,0,Monday,0,0.49056171188383646,0.280779518532671,0.0,0.0,0.0,0.0,171,28,1.6132075471698113,0.3969430645777608,3,4
2024-03-05,125268,110,94,1138.8,1.1702127659574468,1,Tuesday,0,0.4309799789251844,0.3062873199859501,0.0,0.0,0.0,0.0,146,27,1.553191489361702,0.33570425008781174,3,5
2024-03-06,142986,122,100,1172.016393442623,1.22,2,Wednesday,0,0.3566483059974767,0.3420931162876573,0.0,0.0,0.0,0.0,167,27,1.67,0.2876419361787242,3,6
2024-03-07,153527,136,120,1128.875,1.1333333333333333,3,Thursday,0,0.6157483699935516,0.1914451529698359,0.0,0.0,0.0,0.0,164,21,1.3666666666666667,0.44336175395858707,3,7
2024-03-08,171259,141,120,1214.6028368794325,1.175,4,Friday,0,0.442353394566125,0.3140856830881881,0.0,0.0,0.0,0.0,195,27,1.625,0.38962039951185046,3,8
2024-03-09,80520,66,54,1220.0,1.2222222222222223,5,Saturday,1,0.3277322404371585,0.29439890710382516,0.0,0.0,0.0,0.0,95,23,1.7592592592592593,0.27021857923497267,3,9
2024-03-10,112477,93,73,1209.4301075268818,1.273972602739726,6,Sunday,1,0.3701619273301738,0.39119273301737756,0.0,0.0,0.0,0.0,139,25,1.904109589041096,0.2028041074249605,3,10
2024-03-11,142412,120,107,1186.7666666666667,1.1214953271028036,0,Monday,0,0.5102407754846779,0.24624765478424016,0.0,0.0,0.0,0.0,173,31,1.6168224299065421,0.41455597248280174,3,11
2024-03-12,112433,92,83,1222.0978260869565,1.108433734939759,1,Tuesday,0,0.4265112603713947,0.3092651126037139,0.0,0.0,0.0,0.0,129,21,1.5542168674698795,0.21207032793362307,3,12
2024-03-13,150271,130,109,1155.9307692307693,1.1926605504587156,2,Wednesday,0,0.4295439572505673,0.24346680330868897,0.0,0.0,0.0,0.0,167,28,1.5321100917431192,0.38196325305614526,3,13
2024-03-14,169510,140,119,1210.7857142857142,1.1764705882352942,3,Thursday,0,0.44769630110317976,0.25593770279039585,0.0,0.0,0.0,0.0,196,32,1.6470588235294117,0.3463984425697599,3,14
2024-03-15,211442,178,156,1187.876404494382,1.141025641025641,4,Friday,0,0.4431380709603579,0.2556445739257101,0.0,0.0,0.0,0.0,253,29,1.6217948717948718,0.34429299760690873,3,15
2024-03-16,128447,107,84,1200.4392523364486,1.2738095238095237,5,Saturday,1,0.3317632953669607,0.2922839770488995,0.0,0.0,0.0,0.0,137,21,1.630952380952381,0.23790357112271987,3,16
2024-03-17,118492,100,77,1184.92,1.2987012987012987,6,Sunday,1,0.23728184181210546,0.386464909023394,0.0,0.0,0.0,0.0,130,20,1.6883116883116882,0.17554771630152247,3,17
2024-03-18,155265,126,109,1232.2619047619048,1.1559633027522935,0,Monday,0,0.3883103081827843,0.32213956783563585,0.0,0.0,0.0,0.0,183,28,1.6788990825688073,0.33482111229188805,3,18
2024-03-19,157465,132,120,1192.9166666666667,1.1,1,Tuesday,0,0.468250087320992,0.22382116660845267,0.0,0.0,0.0,0.0,199,30,1.6583333333333334,0.3295144952846664,3,19
2024-03-20,122122,100,75,1221.22,1.3333333333333333,2,Wednesday,0,0.3368762385155828,0.4183030084669429,0.0,0.0,0.0,0.0,152,26,2.026666666666667,0.19284813547108628,3,20
2024-03-21,151008,128,112,1179.75,1.1428571428571428,3,Thursday,0,0.42424242424242425,0.270979020979021,0.0,0.0,0.0,0.0,188,33,1.6785714285714286,0.3459353146853147,3,21
2024-03-22,181852,151,117,1204.317880794702,1.2905982905982907,4,Friday,0,0.5167553834986692,0.34750786353738206,0.0,0.0,0.0,0.0,211,26,1.8034188034188035,0.39577788531333175,3,22
2024-03-23,98956,83,55,1192.2409638554218,1.509090909090909,5,Saturday,1,0.4819919964428635,0.22209871053801689,0.0,0.0,0.0,0.0,123,25,2.2363636363636363,0.37394397510004446,3,23
2024-03-24,124036,112,65,1107.4642857142858,1.7230769230769232,6,Sunday,1,0.29958416199602245,0.4169227987705659,0.0,0.0,0.0,0.0,168,27,2.5846153846153848,0.2377508587958778,3,24
2024-03-25,185603,145,116,1280.0206896551724,1.25,0,Monday,0,0.46186214662478514,0.4021809992295383,0.0,0.0,0.0,0.0,233,32,2.0086206896551726,0.37604456824512533,3,25
2024-03-26,127831,102,81,1253.2450980392157,1.2592592592592593,1,Tuesday,0,0.394028052663282,0.3246708544875656,0.0,0.0,0.0,0.0,152,26,1.876543209876543,0.31787281645297305,3,26
2024-03-27,212575,170,151,1250.4411764705883,1.1258278145695364,2,Wednesday,0,0.43027166882276846,0.296248382923674,0.0,0.0,0.0,0.0,250,32,1.6556291390728477,0.33184993531694695,3,27
2024-03-28,173415,142,121,1221.2323943661972,1.1735537190082646,3,Thursday,0,0.4546780843640977,0.258674278464954,0.0,0.0,0.0,0.0,205,31,1.6942148760330578,0.3136060894386299,3,28
2024-03-29,169337,132,108,1282.8560606060605,1.2222222222222223,4,Friday,0,0.3850740269310645,0.38540899042004423,0.0,0.0,0.0,0.0,209,32,1.9351851851851851,0.35486032022509545,3,29
2024-03-30,108471,92,66,1179.0326086956522,1.393939393939394,5,Saturday,1,0.2764425514653686,0.46729540614542137,0.0,0.0,0.0,0.0,125,23,1.893939393939394,0.20342764425514653,3,30
2024-03-31,161689,129,85,1253.4031007751937,1.5176470588235293,6,Sunday,1,0.356963058711477,0.40621811007551534,0.0,0.0,0.0,0.0,203,26,2.388235294117647,0.24974488060412273,3,31
2024-04-01,189664,172,137,1102.6976744186047,1.2554744525547445,0,Monday,0,0.40609226435027584,0.31236060570489493,0.0,0.0,0.0,0.0,260,33,1.897810218978102,0.2854795163751614,4,1
2024-04-02,199878,179,130,1116.63687150838,1.376923076923077,1,Tuesday,0,0.39818631492168177,0.2932124209947788,0.0,0.0,0.0,0.0,281,32,2.1615384615384614,0.3016213245397087,4,2
2024-04-03,138595,125,94,1108.76,1.3297872340425532,2,Wednesday,0,0.4257307139434595,0.2558696693818879,0.0,0.0,0.0,0.0,197,31,2.095744680851064,0.33165628493850824,4,3
2024-04-04,205840,179,154,1149.9441340782123,1.1623376623376624,3,Thursday,0,0.5162776281475782,0.2722628361335556,0.0,0.0,0.0,0.0,275,36,1.7857142857142858,0.3770681031165833,4,4
2024-04-05,156750,135,110,1161.111111111111,1.2272727272727273,4,Friday,0,0.5261052631578947,0.19936842105263158,0.0,0.0,0.0,0.0,222,32,2.018181818181818,0.34912280701754383,4,5
2024-04-06,144940,123,88,1178.3739837398373,1.3977272727272727,5,Saturday,1,0.41897776759110705,0.2555581022232409,0.0,0.0,0.0,0.0,184,26,2.090909090909091,0.343952937581175,4,6
2024-04-07,165792,140,91,1184.2285714285715,1.5384615384615385,6,Sunday,1,0.2960456475583864,0.5766321656050956,0.0,0.0,0.0,0.0,228,32,2.5054945054945055,0.2360668789808917,4,7
2024-04-08,196933,171,137,1151.654970760234,1.2481751824817517,0,Monday,0,0.3720605485114227,0.3534603139138692,0.0,0.0,0.0,0.0,283,32,2.065693430656934,0.29866502820756297,4,8
2024-04-09,170731,150,118,1138.2066666666667,1.271186440677966,1,Tuesday,0,0.32111333032665423,0.41595258037497584,0.0,0.0,0.0,0.0,231,29,1.9576271186440677,0.22762708588364153,4,9
2024-04-10,175216,155,124,1130.425806451613,1.25,2,Wednesday,0,0.4266265532366735,0.31910402103426916,0.0,0.0,0.0,0.0,246,31,1.9838709677419355,0.32455220012893604,4,10
2024-04-11,175681,154,126,1140.7857142857142,1.2222222222222223,3,Thursday,0,0.5275186275123661,0.27124162544612107,0.0,0.0,0.0,0.0,233,27,1.8492063492063493,0.40479619309999376,4,11
2024-04-12,174932,174,126,1005.3563218390805,1.380952380952381,4,Friday,0,0.39630194433854365,0.3049307408819418,0.0,0.0,0.0,0.0,256,27,2.0317460317460316,0.3316812809759817,4,12
2024-04-13,161656,137,100,1179.970802919708,1.37,5,Saturday,1,0.2559880239520958,0.3333560152422428,0.0,0.0,0.0,0.0,217,32,2.17,0.17433315187806206,4,13
2024-04-14,152813,129,83,1184.5968992248063,1.5542168674698795,6,Sunday,1,0.2885424220449601,0.430384336475707,0.0,0.0,0.0,0.0,201,28,2.4216867469879517,0.20304568527918782,4,14
2024-04-15,201278,170,143,1183.9882352941177,1.1888111888111887,0,Monday,0,0.3601486501256968,0.3596567930921412,0.0,0.0,0.0,0.0,285,33,1.993006993006993,0.2962072357634714,4,15
2024-04-16,197256,176,146,1120.7727272727273,1.2054794520547945,1,Tuesday,0,0.4614738021854861,0.28792378817595965,0.0,0.0,0.0,0.0,262,31,1.7945205479452055,0.3646959932754273,4,16
2024-04-17,178428,158,127,1129.2911392405063,1.2440944881889764,2,Wednesday,0,0.5606559413628176,0.3036213429405553,0.0,0.0,0.0,0.0,243,29,1.9133858267716535,0.4083483446176781,4,17
2024-04-18,181246,161,144,1125.751552795031,1.1180555555555556,3,Thursday,0,0.49521824423737126,0.27157920549288866,0.0,0.0,0.0,0.0,249,31,1.7291666666666667,0.39682442373712606,4,18
2024-04-19,216512,193,161,1121.823834196891,1.1987577639751552,4,Friday,0,0.36804455572019823,0.3530734249655102,0.0,0.0,0.0,0.0,284,32,1.763975155279503,0.2824076439630065,4,19
2024-04-20,170369,145,96,1174.9586206896552,1.5104166666666667,5,Saturday,1,0.36161828451333244,0.28241166425850517,0.0,0.0,0.0,0.0,238,29,2.4791666666666665,0.23321949297254696,4,20
2024-04-21,117733,96,69,1226.3854166666667,1.391304347826087,6,Sunday,1,0.3618611604223115,0.4184807997757638,0.0,0.0,0.0,0.0,165,30,2.391304347826087,0.2616088947024199,4,21
2024-04-22,160204,138,110,1160.8985507246377,1.2545454545454546,0,Monday,0,0.39915433403805495,0.43121916842847074,0.0,0.0,0.0,0.0,213,28,1.9363636363636363,0.3540521494009866,4,22
2024-04-23,135117,118,106,1145.0593220338983,1.1132075471698113,1,Tuesday,0,0.5723187930469006,0.2282715644473598,0.0,0.0,0.0,0.0,189,30,1.7830188679245282,0.3251885864217776,4,23
2024-04-24,136840,127,107,1077.4803149606298,1.1869158878504673,2,Wednesday,0,0.5073151125401929,0.24180064308681673,0.0,0.0,0.0,0.0,211,33,1.97196261682243,0.4340836012861736,4,24
2024-04-25,200057,187,147,1069.8235294117646,1.272108843537415,3,Thursday,0,0.3742233463462913,0.26590421729807007,0.0,0.0,0.0,0.0,295,32,2.006802721088435,0.2719524935393413,4,25
2024-04-26,227260,193,151,1177.5129533678758,1.2781456953642385,4,Friday,0,0.40508228460793805,0.4420135527589545,0.0,0.0,0.0,0.0,324,36,2.1456953642384105,0.30130687318489835,4,26
2024-04-27,113212,101,79,1120.9108910891089,1.2784810126582278,5,Saturday,1,0.41488534784298486,0.2283326855810338,0.0,0.0,0.0,0.0,152,25,1.9240506329113924,0.3147104547221143,4,27
2024-04-28,154638,126,90,1227.2857142857142,1.4,6,Sunday,1,0.43740219092331767,0.3006828851899274,0.0,0.0,0.0,0.0,227,33,2.522222222222222,0.3368188931569213,4,28
2024-04-29,122067,107,79,1140.8130841121495,1.3544303797468353,0,Monday,0,0.3689285392448409,0.3336937911147157,0.0,0.0,0.0,0.0,157,24,1.9873417721518987,0.21393169325042805,4,29
2024-04-30,190969,174,138,1097.5229885057472,1.2608695652173914,1,Tuesday,0,0.4376014845743447,0.3457434469960566,0.0,0.0,0.0,0.0,280,32,2.028985507246377,0.3406402226861517,4,30
2024-05-01,125444,112,87,1120.0357142857142,1.2873563218390804,2,Wednesday,0,0.3561031217116801,0.3497018589968432,0.0,0.0,0.0,0.0,162,30,1.8620689655172413,0.2504384426517012,5,1
2024-05-02,227315,200,155,1136.575,1.2903225806451613,3,Thursday,0,0.44704548814745454,0.30501207431866345,0.0,0.0,0.0,0.0,296,33,1.9096774193548387,0.33004780444532056,5,2
2024-05-03,176055,150,103,1173.7,1.4563106796116505,4,Friday,0,0.30746641674476727,0.2881599500156201,0.0,0.0,0.0,0.0,243,26,2.3592233009708736,0.19887535145267105,5,3
2024-05-04,99363,82,71,1211.7439024390244,1.1549295774647887,5,Saturday,1,0.32270563489427656,0.3808258607328684,0.0,0.0,0.0,0.0,135,26,1.9014084507042253,0.23414148123546993,5,4
2024-05-05,104082,90,59,1156.4666666666667,1.5254237288135593,6,Sunday,1,0.33660959627985626,0.39515958571126614,0.0,0.0,0.0,0.0,143,26,2.4237288135593222,0.23462270133164237,5,5
2024-05-06,127938,106,85,1206.9622641509434,1.2470588235294118,0,Monday,0,0.3774441340782123,0.33126745810055863,0.0,0.0,0.0,0.0,179,30,2.1058823529411765,0.19945879888268156,5,6
2024-05-07,162096,163,128,994.4539877300614,1.2734375,1,Tuesday,0,0.40716612377850164,0.36814603691639525,0.0,0.0,0.0,0.0,266,33,2.078125,0.318743213897937,5,7
2024-05-08,176671,156,135,1132.5064102564102,1.1555555555555554,2,Wednesday,0,0.5236286657119731,0.2502957474627981,0.0,0.0,0.0,0.0,245,31,1.8148148148148149,0.4194010335595542,5,8
2024-05-09,178589,159,138,1123.2012578616352,1.1521739130434783,3,Thursday,0,0.5005573445627941,0.27000247708694575,0.0,0.0,0.0,0.0,233,28,1.6884057971014492,0.40147386673272234,5,9
2024-05-10,219380,192,151,1142.6041666666667,1.271523178807947,4,Friday,0,0.457852661404574,0.21427848613640962,0.0,0.0,0.0,0.0,279,34,1.8476821192052981,0.346842744383728,5,10
2024-05-11,107921,88,73,1226.375,1.2054794520547945,5,Saturday,1,0.31468167135563196,0.3309367510680421,0.0,0.0,0.0,0.0,145,29,1.9863013698630136,0.28561008648536,5,11
2024-05-12,128601,108,80,1190.75,1.35,6,Sunday,1,0.31203489863997946,0.4073218715251048,0.0,0.0,0.0,0.0,172,23,2.15,0.21709006928406466,5,12
2024-05-13,134206,118,93,1137.3389830508474,1.2688172043010753,0,Monday,0,0.3506557782727048,0.34867607027963377,0.0,0.0,0.0,0.0,181,30,1.946236559139785,0.261733894250598,5,13
2024-05-14,203112,170,133,1194.7764705882353,1.2781954887218046,1,Tuesday,0,0.41957353745215964,0.30338983050847457,0.0,0.0,0.0,0.0,290,34,2.180451127819549,0.30262438490978677,5,14
2024-05-15,226260,220,165,1028.4545454545455,1.3333333333333333,2,Wednesday,0,0.4150293002412961,0.3387501846653863,0.0,0.0,0.0,0.0,344,30,2.084848484848485,0.2816762692667553,5,15
2024-05-16,173832,151,117,1151.205298013245,1.2905982905982907,3,Thursday,0,0.486507225987978,0.2989512725412457,0.0,0.0,0.0,0.0,254,32,2.1709401709401708,0.3958946156797544,5,16
2024-05-17,214810,188,155,1142.6063829787233,1.2129032258064516,4,Friday,0,0.4460829969988616,0.2919383214322674,0.0,0.0,0.0,0.0,310,32,2.0,0.35796336541446755,5,17
2024-05-18,115816,111,70,1043.3873873873874,1.5857142857142856,5,Saturday,1,0.27467517665830865,0.37497150672441304,0.0,0.0,0.0,0.0,165,28,2.357142857142857,0.20401185320264417,5,18
2024-05-19,144177,118,90,1221.8389830508474,1.3111111111111111,6,Sunday,1,0.3527885862516213,0.42732890821698327,0.0,0.0,0.0,0.0,209,35,2.3222222222222224,0.2860303654535744,5,19
2024-05-20,224935,203,160,1108.0541871921182,1.26875,0,Monday,0,0.4361612663863468,0.281127875340094,0.0,0.0,0.0,0.0,341,36,2.13125,0.3260450160771704,5,20
2024-05-21,208396,183,161,1138.775956284153,1.1366459627329193,1,Tuesday,0,0.481532877882152,0.24471605465414176,0.0,0.0,0.0,0.0,296,28,1.8385093167701863,0.3630444064901793,5,21
2024-05-22,199815,171,148,1168.5087719298247,1.1554054054054055,2,Wednesday,0,0.47018992568125517,0.2968896229011836,0.0,0.0,0.0,0.0,286,31,1.9324324324324325,0.35964767409854115,5,22
2024-05-23,187374,170,152,1102.2,1.118421052631579,3,Thursday,0,0.4241516966067864,0.3177762122813197,0.0,0.0,0.0,0.0,256,32,1.6842105263157894,0.3331572149818011,5,23
2024-05-24,198792,178,155,1116.808988764045,1.1483870967741936,4,Friday,0,0.40620849933598935,0.23019034971226207,0.0,0.0,0.0,0.0,276,32,1.7806451612903227,0.3138556883576804,5,24
2024-05-25,152842,140,96,1091.7285714285715,1.4583333333333333,5,Saturday,1,0.2250728862973761,0.4933673469387755,0.0,0.0,0.0,0.0,214,27,2.2291666666666665,0.16027696793002916,5,25
2024-05-26,169488,146,94,1160.876712328767,1.553191489361702,6,Sunday,1,0.33813603322949115,0.3518302180685358,0.0,0.0,0.0,0.0,242,33,2.574468085106383,0.22605140186915887,5,26
2024-05-27,175350,156,130,1124.0384615384614,1.2,0,Monday,0,0.43607749702175685,0.3153802746253684,0.0,0.0,0.0,0.0,245,33,1.8846153846153846,0.3551319831964386,5,27
2024-05-28,157179,142,127,1106.894366197183,1.1181102362204725,1,Tuesday,0,0.6166281755196305,0.19252571908461055,0.0,0.0,0.0,0.0,221,28,1.7401574803149606,0.5012247183147877,5,28
2024-05-29,204006,181,154,1127.1049723756905,1.1753246753246753,2,Wednesday,0,0.5,0.256012078076135,0.0,0.0,0.0,0.0,287,32,1.8636363636363635,0.3963657931629462,5,29
2024-05-30,211190,179,143,1179.832402234637,1.2517482517482517,3,Thursday,0,0.4311148347908048,0.22762737602764832,0.0,0.0,0.0,0.0,289,33,2.020979020979021,0.3238728596114573,5,30
2024-05-31,260825,207,171,1260.024154589372,1.2105263157894737,4,Friday,0,0.3662377243481206,0.24661361327463596,0.0,0.0,0.0,0.0,387,36,2.263157894736842,0.2568151032847951,5,31
2024-06-01,131978,107,76,1233.4392523364486,1.4078947368421053,5,Saturday,1,0.302133688948158,0.2926321053508918,0.0,0.0,0.0,0.0,196,29,2.5789473684210527,0.21345224204034005,6,1
2024-06-02,101277,86,71,1177.639534883721,1.2112676056338028,6,Sunday,1,0.43184533507114153,0.31432605626154014,0.0,0.0,0.0,0.0,142,30,2.0,0.3385467579015966,6,2
2024-06-03,149953,135,123,1110.762962962963,1.0975609756097562,0,Monday,0,0.47424538218951795,0.2887820994143265,0.0,0.0,0.0,0.0,208,28,1.6910569105691058,0.3821895179456375,6,3
2024-06-04,229276,196,160,1169.7755102040817,1.225,1,Tuesday,0,0.4676883041781119,0.25950556599681945,0.0,0.0,0.0,0.0,341,36,2.13125,0.3694761698231411,6,4
2024-06-05,210491,188,164,1119.6329787234042,1.146341463414634,2,Wednesday,0,0.49239310308012596,0.1928682005017883,0.0,0.0,0.0,0.0,294,33,1.7926829268292683,0.4050605882666951,6,5
2024-06-06,166273,151,136,1101.1456953642385,1.1102941176470589,3,Thursday,0,0.5124824308948531,0.24984940767016933,0.0,0.0,0.0,0.0,223,30,1.6397058823529411,0.3857171541396158,6,6
2024-06-07,240211,205,168,1171.760975609756,1.2202380952380953,4,Friday,0,0.4751137524375522,0.2453802581483889,0.0,0.0,0.0,0.0,310,31,1.8452380952380953,0.3900547868882905,6,7
2024-06-08,125177,101,79,1239.3762376237623,1.2784810126582278,5,Saturday,1,0.30690214453054604,0.29518832222021985,0.0,0.0,0.0,0.0,166,31,2.1012658227848102,0.15381149756712922,6,8
2024-06-09,101279,82,66,1235.1097560975609,1.2424242424242424,6,Sunday,1,0.26355653128430295,0.39088913282107574,0.0,0.0,0.0,0.0,141,30,2.1363636363636362,0.1747530186608123,6,9
2024-06-10,174871,158,131,1106.7784810126582,1.2061068702290076,0,Monday,0,0.42340290955091714,0.28994307400379504,0.0,0.0,0.0,0.0,230,34,1.7557251908396947,0.3101201771030993,6,10
2024-06-11,164923,150,131,1099.4866666666667,1.1450381679389312,1,Tuesday,0,0.5608617354765557,0.20976455679317016,0.0,0.0,0.0,0.0,231,30,1.7633587786259541,0.5157073300873741,6,11
2024-06-12,201003,176,144,1142.0625,1.2222222222222223,2,Wednesday,0,0.5574344661522465,0.28922453893722977,0.0,0.0,0.0,0.0,256,36,1.7777777777777777,0.4085262409018771,6,12
2024-06-13,168003,145,130,1158.6413793103447,1.1153846153846154,3,Thursday,0,0.5342761736397564,0.25286453218097293,0.0,0.0,0.0,0.0,244,36,1.876923076923077,0.44850389576376615,6,13
2024-06-14,217637,186,162,1170.0913978494623,1.1481481481481481,4,Friday,0,0.5212312068264933,0.24293986184477853,0.0,0.0,0.0,0.0,284,34,1.7530864197530864,0.407557903291345,6,14
2024-06-15,104060,92,64,1131.0869565217392,1.4375,5,Saturday,1,0.2593023255813954,0.26522198731501057,0.0,0.0,0.0,0.0,134,25,2.09375,0.20602536997885834,6,15
2024-06-16,115855,94,67,1232.5,1.4029850746268657,6,Sunday,1,0.460632183908046,0.32164750957854404,0.0,0.0,0.0,0.0,160,31,2.388059701492537,0.3529693486590038,6,16
2024-06-17,200468,183,153,1095.4535519125684,1.196078431372549,0,Monday,0,0.44715223024756023,0.2335005789270552,0.0,0.0,0.0,0.0,292,34,1.908496732026144,0.37018249986216023,6,17
2024-06-18,101189,80,64,1264.8625,1.25,1,Tuesday,0,0.2797043156864877,0.44711381671920863,0.0,0.0,0.0,0.0,157,32,2.453125,0.20393521034895098,6,18
2024-06-19,226193,197,173,1148.1878172588833,1.138728323699422,2,Wednesday,0,0.5342605650926421,0.2017701697223168,0.0,0.0,0.0,0.0,310,31,1.7919075144508672,0.41088362593006855,6,19
2024-06-20,202015,173,147,1167.7167630057804,1.1768707482993197,3,Thursday,0,0.43109175061257826,0.3392322352300572,0.0,0.0,0.0,0.0,286,36,1.945578231292517,0.33531173427715766,6,20
2024-06-21,151745,132,112,1149.5833333333333,1.1785714285714286,4,Friday,0,0.3831098223994201,0.33454150054367526,0.0,0.0,0.0,0.0,228,30,2.0357142857142856,0.2972816237767307,6,21
2024-06-22,93060,82,69,1134.878048780488,1.1884057971014492,5,Saturday,1,0.40650118203309693,0.24905437352245863,0.0,0.0,0.0,0.0,127,29,1.8405797101449275,0.33250591016548464,6,22
2024-06-23,77231,71,49,1087.7605633802816,1.4489795918367347,6,Sunday,1,0.3614869676684233,0.4351232018231021,0.0,0.0,0.0,0.0,110,27,2.2448979591836733,0.2999572710440108,6,23
2024-06-24,171460,153,139,1120.6535947712418,1.1007194244604317,0,Monday,0,0.5677960632462085,0.2685382381413359,0.0,0.0,0.0,0.0,245,31,1.7625899280575539,0.43788318812520166,6,24
2024-06-25,191652,169,140,1134.0355029585799,1.207142857142857,1,Tuesday,0,0.5882489280333758,0.20680264225286824,0.0,0.0,0.0,0.0,278,35,1.9857142857142858,0.42368756518715955,6,25
2024-06-26,205491,179,157,1147.9944134078212,1.1401273885350318,2,Wednesday,0,0.4819870456613672,0.23103688239387613,0.0,0.0,0.0,0.0,265,29,1.6878980891719746,0.39012900808307904,6,26
2024-06-27,188847,161,149,1172.9627329192547,1.080536912751678,3,Thursday,0,0.48174399904699505,0.3338495443445113,0.0,0.0,0.0,0.0,262,32,1.7583892617449663,0.39281672523676214,6,27
2024-06-28,150183,126,109,1191.9285714285713,1.1559633027522935,4,Friday,0,0.3562423124231242,0.39129766297662977,0.0,0.0,0.0,0.0,208,38,1.908256880733945,0.23716174661746617,6,28
2024-06-29,97636,83,67,1176.3373493975903,1.2388059701492538,5,Saturday,1,0.26363226678684093,0.22284812978819288,0.0,0.0,0.0,0.0,131,32,1.955223880597015,0.23884632717440288,6,29
2024-06-30,130420,112,77,1164.4642857142858,1.4545454545454546,6,Sunday,1,0.4440966788384629,0.2752564771344114,0.0,0.0,0.0,0.0,174,33,2.25974025974026,0.3648061206746653,6,30
2024-07-01,191223,161,127,1187.72049689441,1.2677165354330708,0,Monday,0,0.3613639049757712,0.3639049757711854,0.0,0.0,0.0,0.0,267,37,2.1023622047244093,0.2894456919985817,7,1
2024-07-02,236566,212,158,1115.877358490566,1.3417721518987342,1,Tuesday,0,0.41290802566725565,0.3044731702780619,0.0,0.0,0.0,0.0,333,36,2.107594936708861,0.35218078675718406,7,2
2024-07-03,212597,186,156,1142.994623655914,1.1923076923076923,2,Wednesday,0,0.4329176799296321,0.257411910798365,0.0,0.0,0.0,0.0,292,38,1.8717948717948718,0.3197081802659492,7,3
2024-07-04,212691,180,152,1181.6166666666666,1.1842105263157894,3,Thursday,0,0.5080152472455747,0.25549579656414806,0.0,0.0,0.0,0.0,277,34,1.8223684210526316,0.41867265416949506,7,4
2024-07-05,246023,210,171,1171.5380952380951,1.2280701754385965,4,Friday,0,0.42855173047754747,0.3440272096336811,0.0,0.0,0.0,0.0,321,35,1.8771929824561404,0.3457278117387507,7,5
2024-07-06,102369,85,66,1204.3411764705882,1.2878787878787878,5,Saturday,1,0.38475897661139785,0.3017459097397606,0.0,0.0,0.0,0.0,144,29,2.1818181818181817,0.2964752388272757,7,6
2024-07-07,154748,126,90,1228.1587301587301,1.4,6,Sunday,1,0.32001705999431335,0.3935882854705715,0.0,0.0,0.0,0.0,215,29,2.388888888888889,0.26492749502416835,7,7
2024-07-08,191895,172,142,1115.6686046511627,1.2112676056338028,0,Monday,0,0.5631413012324449,0.1692748638578389,0.0,0.0,0.0,0.0,268,33,1.8873239436619718,0.4103754657494984,7,8
2024-07-09,221313,193,172,1146.699481865285,1.122093023255814,1,Tuesday,0,0.4462360223642173,0.2564896166134185,0.0,0.0,0.0,0.0,302,35,1.755813953488372,0.34769369009584666,7,9
2024-07-10,239745,203,164,1181.0098522167489,1.2378048780487805,2,Wednesday,0,0.37499426473961917,0.3857306721725166,0.0,0.0,0.0,0.0,321,35,1.9573170731707317,0.2843771507226428,7,10
2024-07-11,218031,189,156,1153.6031746031747,1.2115384615384615,3,Thursday,0,0.4786337722617426,0.3004389284092629,0.0,0.0,0.0,0.0,300,33,1.9230769230769231,0.38272539226073354,7,11
2024-07-12,164041,140,113,1171.7214285714285,1.238938053097345,4,Friday,0,0.460548709918987,0.3282047790863912,0.0,0.0,0.0,0.0,223,34,1.9734513274336283,0.3731363605419021,7,12
2024-07-13,146927,124,88,1184.8951612903227,1.4090909090909092,5,Saturday,1,0.3436400389308977,0.2759601706970128,0.0,0.0,0.0,0.0,210,36,2.3863636363636362,0.22669761173916297,7,13
2024-07-14,154397,133,93,1160.8796992481202,1.4301075268817205,6,Sunday,1,0.3832576903681291,0.2862185721489806,0.0,0.0,0.0,0.0,204,33,2.193548387096774,0.27123406094661767,7,14
2024-07-15,103340,91,65,1135.6043956043957,1.4,0,Monday,0,0.3537459283387622,0.3327904451682953,0.0,0.0,0.0,0.0,134,33,2.0615384615384613,0.18338762214983714,7,15
2024-07-16,134838,117,109,1152.4615384615386,1.073394495412844,1,Tuesday,0,0.5140316527981726,0.29809104258443464,0.0,0.0,0.0,0.0,199,34,1.8256880733944953,0.44942078642519173,7,16
2024-07-17,207759,180,147,1154.2166666666667,1.2244897959183674,2,Wednesday,0,0.4592336349121873,0.22943054816391698,0.0,0.0,0.0,0.0,287,37,1.9523809523809523,0.3460883448642895,7,17
2024-07-18,202714,174,152,1165.0229885057472,1.144736842105263,3,Thursday,0,0.47899297041033184,0.2149746607814288,0.0,0.0,0.0,0.0,272,36,1.7894736842105263,0.40924200316059073,7,18
2024-07-19,219175,192,162,1141.5364583333333,1.1851851851851851,4,Friday,0,0.48431618569636137,0.2599247176913425,0.0,0.0,0.0,0.0,297,39,1.8333333333333333,0.35593475533249685,7,19
2024-07-20,124720,108,69,1154.8148148148148,1.565217391304348,5,Saturday,1,0.230940307801797,0.29943955164131303,0.0,0.0,0.0,0.0,155,31,2.246376811594203,0.19571212525576015,7,20
2024-07-21,128680,114,67,1128.7719298245613,1.7014925373134329,6,Sunday,1,0.43728988880268943,0.32324799586242564,0.0,0.0,0.0,0.0,171,31,2.5522388059701493,0.3108352728213085,7,21
2024-07-22,190752,171,141,1115.5087719298247,1.2127659574468086,0,Monday,0,0.4576380350137596,0.2697464722758944,0.0,0.0,0.0,0.0,273,41,1.9361702127659575,0.3643070437379238,7,22
2024-07-23,243859,210,172,1161.2333333333333,1.2209302325581395,1,Tuesday,0,0.35802246380080294,0.30267490640083,0.0,0.0,0.0,0.0,328,40,1.9069767441860466,0.2554919031079435,7,23
2024-07-24,187693,163,133,1151.4907975460123,1.2255639097744362,2,Wednesday,0,0.403563265545332,0.17640508703041669,0.0,0.0,0.0,0.0,253,38,1.9022556390977443,0.2876399226396296,7,24
2024-07-25,239595,209,161,1146.3875598086124,1.2981366459627328,3,Thursday,0,0.40296856273624043,0.3087950585415322,0.0,0.0,0.0,0.0,337,42,2.093167701863354,0.32700285793306905,7,25
2024-07-26,235268,206,156,1142.0776699029127,1.3205128205128205,4,Friday,0,0.44922386384888724,0.29923321488685245,0.0,0.0,0.0,0.0,314,38,2.0128205128205128,0.3501496166074434,7,26
2024-07-27,168403,138,90,1220.3115942028985,1.5333333333333334,5,Saturday,1,0.4151885428984365,0.2448429904086191,0.0,0.0,0.0,0.0,243,35,2.7,0.3268952831428196,7,27
2024-07-28,156076,132,91,1182.3939393939395,1.4505494505494505,6,Sunday,1,0.34961256842254923,0.45766687993175514,0.0,0.0,0.0,0.0,204,37,2.241758241758242,0.24653444231179356,7,28
2024-07-29,201300,188,149,1070.7446808510638,1.261744966442953,0,Monday,0,0.3960655737704918,0.2321311475409836,0.0,0.0,0.0,0.0,301,41,2.0201342281879193,0.31923497267759565,7,29
2024-07-30,203962,176,137,1158.875,1.2846715328467153,1,Tuesday,0,0.4680185524754611,0.3031496062992126,0.0,0.0,0.0,0.0,291,41,2.124087591240876,0.3464566929133858,7,30
2024-07-31,216700,193,150,1122.7979274611398,1.2866666666666666,2,Wednesday,0,0.42456852791878175,0.24076142131979694,0.0,0.0,0.0,0.0,294,37,1.96,0.35101522842639593,7,31
2024-08-01,202862,177,147,1146.1129943502824,1.2040816326530612,3,Thursday,0,0.49506561110508623,0.23858583667714997,0.0,0.0,0.0,0.0,276,36,1.8775510204081634,0.3944257672703611,8,1
2024-08-02,208153,181,146,1150.0165745856355,1.2397260273972603,4,Friday,0,0.40754637213972417,0.2734238757068118,0.0,0.0,0.0,0.0,286,40,1.9589041095890412,0.3245785551973788,8,2
2024-08-03,113520,90,63,1261.3333333333333,1.4285714285714286,5,Saturday,1,0.1937984496124031,0.3567829457364341,0.0,0.0,0.0,0.0,156,32,2.4761904761904763,0.08846899224806201,8,3
2024-08-04,150305,122,87,1232.0081967213114,1.4022988505747127,6,Sunday,1,0.2975224893083616,0.46777761392125056,0.0,0.0,0.0,0.0,198,34,2.2758620689655173,0.264710219731603,8,4
2024-08-05,201977,176,133,1147.596590909091,1.3233082706766917,0,Monday,0,0.35933056224021004,0.2935900240647561,0.0,0.0,0.0,0.0,286,39,2.1503759398496243,0.27483045285495517,8,5
2024-08-06,200365,179,152,1119.3575418994412,1.1776315789473684,1,Tuesday,0,0.47565193521822674,0.2945374691188581,0.0,0.0,0.0,0.0,277,36,1.8223684210526316,0.3604172385396651,8,6
2024-08-07,203709,183,146,1113.1639344262296,1.2534246575342465,2,Wednesday,0,0.4707057616501971,0.21815432798747234,0.0,0.0,0.0,0.0,288,37,1.9726027397260273,0.34073114099033425,8,7
2024-08-08,206382,183,141,1127.7704918032787,1.297872340425532,3,Thursday,0,0.45661443342927194,0.379756955548449,0.0,0.0,0.0,0.0,279,33,1.9787234042553192,0.2638311480652383,8,8
2024-08-09,166788,153,129,1090.1176470588234,1.186046511627907,4,Friday,0,0.5257800545539218,0.2910651320604085,0.0,0.0,0.0,0.0,218,37,1.689922480620155,0.4408888297518462,8,9
2024-08-10,134259,113,84,1188.132743362832,1.3452380952380953,5,Saturday,1,0.25895362271001815,0.3438686251856742,0.0,0.0,0.0,0.0,170,31,2.0238095238095237,0.1600924244924905,8,10
2024-08-11,110517,87,57,1270.3103448275863,1.5263157894736843,6,Sunday,1,0.3333333333333333,0.2570916691549716,0.0,0.0,0.0,0.0,141,29,2.473684210526316,0.26833880760426,8,11
2024-08-12,105248,85,55,1238.2117647058824,1.5454545454545454,0,Monday,0,0.33068561872909696,0.44481605351170567,0.0,0.0,0.0,0.0,148,32,2.690909090909091,0.1922031772575251,8,12
2024-08-13,171578,151,127,1136.2781456953642,1.188976377952756,1,Tuesday,0,0.47249647390691113,0.2749711501474548,0.0,0.0,0.0,0.0,226,35,1.779527559055118,0.3535068598538274,8,13
2024-08-14,171340,145,122,1181.655172413793,1.1885245901639345,2,Wednesday,0,0.5633029892181548,0.25572987281296405,0.0,0.0,0.0,0.0,249,37,2.040983606557377,0.46232810381561107,8,14
2024-08-15,179258,159,119,1127.4088050314465,1.3361344537815125,3,Thursday,0,0.39718501142045803,0.2722390271004383,0.0,0.0,0.0,0.0,270,36,2.26890756302521,0.3263164392863757,8,15
2024-08-16,40876,35,33,1167.8857142857144,1.0606060606060606,4,Friday,0,0.6496232508073198,0.05355220667384284,0.0,0.0,0.0,0.0,55,20,1.6666666666666667,0.5664693218514532,8,16
2024-08-17,131439,110,73,1194.9,1.5068493150684932,5,Saturday,1,0.27650849443468073,0.3230395849025023,0.0,0.0,0.0,0.0,167,30,2.287671232876712,0.2691438614109967,8,17
2024-08-18,132974,109,66,1219.9449541284403,1.6515151515151516,6,Sunday,1,0.3645842163261846,0.34746121895397136,0.0,0.0,0.0,0.0,163,27,2.4696969696969697,0.2572687971518183,8,18
2024-08-19,237193,204,174,1162.7107843137255,1.1724137931034482,0,Monday,0,0.48342067430320457,0.24375086954505404,0.0,0.0,0.0,0.0,348,33,2.0,0.37114501692714374,8,19
2024-08-20,276947,243,204,1139.6995884773662,1.1911764705882353,1,Tuesday,0,0.40903251706142113,0.2450822962665596,0.0,0.0,0.0,0.0,374,33,1.8333333333333333,0.24993978321959054,8,20
2024-08-21,227724,210,166,1084.4,1.2650602409638554,2,Wednesday,0,0.5386071341907304,0.15224460082504246,0.0,0.0,0.0,0.0,311,33,1.8734939759036144,0.3771900024265955,8,21
2024-08-22,216524,185,154,1170.4,1.2012987012987013,3,Thursday,0,0.40789473684210525,0.3459662670188986,0.0,0.0,0.0,0.0,308,40,2.0,0.37263767526925423,8,22
2024-08-23,267729,226,176,1184.641592920354,1.2840909090909092,4,Friday,0,0.3822260569456428,0.2864127531944616,0.0,0.0,0.0,0.0,388,36,2.2045454545454546,0.32322609803196517,8,23
2024-08-24,172337,147,114,1172.360544217687,1.2894736842105263,5,Saturday,1,0.40869343205463715,0.2784834365226272,0.0,0.0,0.0,0.0,226,32,1.9824561403508771,0.3216952830790834,8,24
2024-08-25,162701,129,89,1261.2480620155038,1.449438202247191,6,Sunday,1,0.36184166046920424,0.26624298559935095,0.0,0.0,0.0,0.0,239,33,2.6853932584269664,0.22297342978838483,8,25
2024-08-26,233563,203,164,1150.5566502463055,1.2378048780487805,0,Monday,0,0.4741204728488673,0.3275561625771205,0.0,0.0,0.0,0.0,342,37,2.0853658536585367,0.3603824235859276,8,26
2024-08-27,210043,187,153,1123.2245989304813,1.2222222222222223,1,Tuesday,0,0.4205462611577316,0.28553102784756,0.0,0.0,0.0,0.0,298,36,1.9477124183006536,0.3243893313378588,8,27
2024-08-28,206580,181,153,1141.3259668508288,1.1830065359477124,2,Wednesday,0,0.43423855165069225,0.2930777422790202,0.0,0.0,0.0,0.0,296,33,1.934640522875817,0.30692225772097975,8,28
2024-08-29,146898,132,119,1112.8636363636363,1.1092436974789917,3,Thursday,0,0.6246960486322188,0.1770516717325228,0.0,0.0,0.0,0.0,221,34,1.8571428571428572,0.5594224924012158,8,29
2024-08-30,166643,144,118,1157.2430555555557,1.2203389830508475,4,Friday,0,0.3249236489178064,0.29464878502190944,0.0,0.0,0.0,0.0,236,35,2.0,0.24458903200106227,8,30
2024-08-31,110253,98,72,1125.030612244898,1.3611111111111112,5,Saturday,1,0.2872393494961588,0.2838471515514317,0.0,0.0,0.0,0.0,154,34,2.138888888888889,0.2679836376334431,8,31
2024-09-01,49896,45,31,1108.8,1.4516129032258065,6,Sunday,1,0.38117283950617287,0.2932098765432099,0.0,0.0,0.0,0.0,69,21,2.225806451612903,0.2588183421516755,9,1
2024-09-02,178081,157,133,1134.2738853503186,1.1804511278195489,0,Monday,0,0.42959234402187424,0.3066119811086254,0.0,0.0,0.0,0.0,240,32,1.8045112781954886,0.3269326373353219,9,2
2024-09-03,153769,132,110,1164.9166666666667,1.2,1,Tuesday,0,0.35632019457758063,0.3273481651048001,0.0,0.0,0.0,0.0,226,36,2.0545454545454547,0.2699048572859289,9,3
2024-09-04,210452,195,161,1079.2410256410255,1.2111801242236024,2,Wednesday,0,0.40298975538365045,0.2744616349571399,0.0,0.0,0.0,0.0,287,35,1.7826086956521738,0.30111854484633077,9,4
2024-09-05,200582,175,151,1146.182857142857,1.1589403973509933,3,Thursday,0,0.5383167220376522,0.23576965669988925,0.0,0.0,0.0,0.0,280,35,1.8543046357615893,0.42652270210409743,9,5
2024-09-06,224818,209,153,1075.6842105263158,1.3660130718954249,4,Friday,0,0.4350229963792935,0.25667873568842353,0.0,0.0,0.0,0.0,330,40,2.156862745098039,0.3298757216948821,9,6
2024-09-07,143894,123,84,1169.8699186991869,1.4642857142857142,5,Saturday,1,0.3570097810898929,0.332013662474771,0.0,0.0,0.0,0.0,202,31,2.4047619047619047,0.19212855146716348,9,7
2024-09-08,88937,79,56,1125.7848101265822,1.4107142857142858,6,Sunday,1,0.4675763645468202,0.3721832749123686,0.0,0.0,0.0,0.0,118,26,2.107142857142857,0.33074611917876817,9,8
2024-09-09,194370,175,147,1110.6857142857143,1.1904761904761905,0,Monday,0,0.49881154499151104,0.21443123938879458,0.0,0.0,0.0,0.0,276,31,1.8775510204081634,0.3905489530277306,9,9
2024-09-10,189541,164,139,1155.7378048780488,1.1798561151079137,1,Tuesday,0,0.4544715918983228,0.20608206140096338,0.0,0.0,0.0,0.0,280,37,2.014388489208633,0.3659683129243805,9,10
2024-09-11,216271,180,153,1201.5055555555555,1.1764705882352942,2,Wednesday,0,0.49294262043571646,0.29354607752889433,0.0,0.0,0.0,0.0,293,36,1.9150326797385622,0.3395213255599877,9,11
2024-09-12,183931,161,138,1142.4285714285713,1.1666666666666667,3,Thursday,0,0.4695891394055379,0.2724119370851026,0.0,0.0,0.0,0.0,260,32,1.8840579710144927,0.37856587524669577,9,12
2024-09-13,200926,175,145,1148.1485714285714,1.206896551724138,4,Friday,0,0.42757034928282056,0.328260155480127,0.0,0.0,0.0,0.0,288,34,1.986206896551724,0.3285886346217015,9,13
2024-09-14,155881,122,83,1277.7131147540983,1.4698795180722892,5,Saturday,1,0.28572436666431444,0.3690635805518312,0.0,0.0,0.0,0.0,212,33,2.5542168674698793,0.20803048479288688,9,14
2024-09-15,166786,143,83,1166.3356643356644,1.7228915662650603,6,Sunday,1,0.5506467661691542,0.2866334991708126,0.0,0.0,0.0,0.0,212,33,2.5542168674698793,0.31980099502487563,9,15
2024-09-16,107184,96,63,1116.5,1.5238095238095237,0,Monday,0,0.42662151067323484,0.23357963875205254,0.0,0.0,0.0,0.0,156,28,2.4761904761904763,0.23388752052545156,9,16
2024-09-17,175868,155,128,1134.6322580645162,1.2109375,1,Tuesday,0,0.4149362021516137,0.3473229922441831,0.0,0.0,0.0,0.0,241,34,1.8828125,0.34275706780085063,9,17
2024-09-18,186339,159,131,1171.9433962264152,1.213740458015267,2,Wednesday,0,0.3802682563338301,0.20757078986587182,0.0,0.0,0.0,0.0,263,38,2.0076335877862594,0.2878688524590164,9,18
2024-09-19,237648,197,156,1206.3350253807107,1.2628205128205128,3,Thursday,0,0.3579168612797758,0.29976646426903314,0.0,0.0,0.0,0.0,349,36,2.2371794871794872,0.2916394208313872,9,19
2024-09-20,225262,192,173,1173.2395833333333,1.1098265895953756,4,Friday,0,0.45402383404443136,0.2761022019518415,0.0,0.0,0.0,0.0,315,36,1.8208092485549132,0.37408660683634937,9,20
2024-09-21,153164,131,93,1169.1908396946565,1.4086021505376345,5,Saturday,1,0.450373455903476,0.30953748922723356,0.0,0.0,0.0,0.0,213,31,2.2903225806451615,0.27391554151106007,9,21
2024-09-22,111692,96,76,1163.4583333333333,1.263157894736842,6,Sunday,1,0.4400717345820464,0.2857427518182724,0.0,0.0,0.0,0.0,154,28,2.026315789473684,0.36564710570887715,9,22
2024-09-23,128689,100,69,1286.89,1.4492753623188406,0,Monday,0,0.4178989657235661,0.35968886229592273,0.0,0.0,0.0,0.0,219,39,3.1739130434782608,0.3573809727327122,9,23
2024-09-24,170768,149,125,1146.0939597315437,1.192,1,Tuesday,0,0.5564253098499674,0.2228962818003914,0.0,0.0,0.0,0.0,247,33,1.976,0.42563600782778865,9,24
2024-09-25,199011,174,147,1143.7413793103449,1.183673469387755,2,Wednesday,0,0.446456285566477,0.31493935736046447,0.0,0.0,0.0,0.0,281,36,1.91156462585034,0.3866183824797379,9,25
2024-09-26,247841,213,187,1163.5727699530516,1.13903743315508,3,Thursday,0,0.4843992721139763,0.3302560916071191,0.0,0.0,0.0,0.0,371,40,1.9839572192513368,0.35897208290799343,9,26
2024-09-27,178354,152,134,1173.3815789473683,1.1343283582089552,4,Friday,0,0.3990378685086962,0.39114345627235725,0.0,0.0,0.0,0.0,252,35,1.8805970149253732,0.2966572098186752,9,27
2024-09-28,142549,119,88,1197.890756302521,1.3522727272727273,5,Saturday,1,0.30501089324618735,0.311624649859944,0.0,0.0,0.0,0.0,194,34,2.2045454545454546,0.1644880174291939,9,28
2024-09-29,139458,119,75,1171.9159663865546,1.5866666666666667,6,Sunday,1,0.30803319635806947,0.5237289501248892,0.0,0.0,0.0,0.0,191,32,2.546666666666667,0.18620578519055678,9,29
2024-09-30,180173,156,128,1154.9551282051282,1.21875,0,Monday,0,0.4547016940829855,0.22489565430886324,0.0,0.0,0.0,0.0,269,36,2.1015625,0.37061134299042475,9,30
2024-10-01,198191,169,132,1172.7278106508875,1.2803030303030303,1,Tuesday,0,0.4027432829081057,0.29081056671934974,0.0,0.0,0.0,0.0,285,32,2.159090909090909,0.33077444118311133,10,1
2024-10-02,223053,197,164,1132.248730964467,1.201219512195122,2,Wednesday,0,0.4491116309162395,0.2512317722589957,0.0,0.0,0.0,0.0,323,36,1.9695121951219512,0.30010451400985416,10,2
2024-10-03,193149,168,126,1149.6964285714287,1.3333333333333333,3,Thursday,0,0.3937012358334757,0.22837291417506692,0.0,0.0,0.0,0.0,261,33,2.0714285714285716,0.2962583290620195,10,3
2024-10-04,216081,186,158,1161.725806451613,1.1772151898734178,4,Friday,0,0.4326364990497714,0.279624017669115,0.0,0.0,0.0,0.0,325,40,2.0569620253164556,0.3381272792644717,10,4
2024-10-05,112486,93,65,1209.52688172043,1.4307692307692308,5,Saturday,1,0.4206923528261295,0.24476823782515159,0.0,0.0,0.0,0.0,170,32,2.6153846153846154,0.24877762566008213,10,5
2024-10-06,124995,107,63,1168.177570093458,1.6984126984126984,6,Sunday,1,0.30143795490857445,0.37883898455529913,0.0,0.0,0.0,0.0,167,28,2.6507936507936507,0.23504349369785194,10,6
2024-10-07,185878,156,132,1191.525641025641,1.1818181818181819,0,Monday,0,0.3415788850751568,0.3534146052787312,0.0,0.0,0.0,0.0,283,38,2.143939393939394,0.28346549887560657,10,7
2024-10-08,133733,109,90,1226.908256880734,1.211111111111111,1,Tuesday,0,0.37175311116679194,0.3220579637517748,0.0,0.0,0.0,0.0,188,34,2.088888888888889,0.24906038586820345,10,8
2024-10-09,174832,143,115,1222.6013986013986,1.2434782608695651,2,Wednesday,0,0.47886419118591805,0.22099447513812154,0.0,0.0,0.0,0.0,229,34,1.991304347826087,0.35185661056148015,10,9
2024-10-10,219118,179,147,1224.122905027933,1.217687074829932,3,Thursday,0,0.5157038982023834,0.25833165017168247,0.0,0.0,0.0,0.0,299,36,2.0340136054421767,0.36290648353867905,10,10
2024-10-11,237918,199,177,1195.5678391959798,1.1242937853107344,4,Friday,0,0.49578558575622694,0.22113836537550904,0.0,0.0,0.0,0.0,322,35,1.8192090395480225,0.39568140922435835,10,11
2024-10-12,166475,132,93,1261.1742424242425,1.4193548387096775,5,Saturday,1,0.32038318254390635,0.44498403406067055,0.0,0.0,0.0,0.0,223,32,2.3978494623655915,0.260111761575306,10,12
2024-10-13,128015,104,68,1230.9134615384614,1.5294117647058822,6,Sunday,1,0.33453680873547026,0.4217153927439239,0.0,0.0,0.0,0.0,170,30,2.5,0.2964071856287425,10,13
2024-10-14,106788,85,56,1256.3294117647058,1.5178571428571428,0,Monday,0,0.36124845488257107,0.30438813349814586,0.0,0.0,0.0,0.0,145,29,2.5892857142857144,0.2861557478368356,10,14
2024-10-15,223762,185,153,1209.5243243243244,1.2091503267973855,1,Tuesday,0,0.4140694130370662,0.34657359158391504,0.0,0.0,0.0,0.0,311,36,2.0326797385620914,0.3337429947891063,10,15
2024-10-16,243522,196,169,1242.4591836734694,1.1597633136094674,2,Wednesday,0,0.43830211781778605,0.24914969842637522,0.0,0.0,0.0,0.0,322,39,1.9053254437869822,0.31454355811527823,10,16
2024-10-17,187330,164,136,1142.2560975609756,1.2058823529411764,3,Thursday,0,0.4704638872577804,0.32061068702290074,0.0,0.0,0.0,0.0,260,33,1.911764705882353,0.35654726952436877,10,17
2024-10-18,205211,179,132,1146.4301675977654,1.356060606060606,4,Friday,0,0.3653245774572074,0.33168263537517495,0.0,0.0,0.0,0.0,295,35,2.234848484848485,0.29814834750780494,10,18
2024-10-19,106286,86,65,1235.8837209302326,1.323076923076923,5,Saturday,1,0.2897127937336815,0.391331592689295,0.0,0.0,0.0,0.0,150,30,2.3076923076923075,0.22328981723237598,10,19
2024-10-20,114404,96,74,1191.7083333333333,1.2972972972972974,6,Sunday,1,0.3036934349935637,0.45291613030993166,0.0,0.0,0.0,0.0,157,29,2.1216216216216215,0.23794435092583424,10,20
2024-10-21,169026,144,123,1173.7916666666667,1.170731707317073,0,Monday,0,0.5192633086034101,0.29213848756995964,0.0,0.0,0.0,0.0,238,30,1.934959349593496,0.305414551607445,10,21
2024-10-22,240094,198,164,1212.5959595959596,1.2073170731707317,1,Tuesday,0,0.3909491761429566,0.33353446275237875,0.0,0.0,0.0,0.0,333,36,2.0304878048780486,0.349315386400557,10,22
2024-10-23,209387,175,136,1196.4971428571428,1.286764705882353,2,Wednesday,0,0.48405322631745695,0.310698067377759,0.0,0.0,0.0,0.0,310,37,2.2794117647058822,0.3929137184496779,10,23
2024-10-24,207996,174,150,1195.3793103448277,1.16,3,Thursday,0,0.46680385573486405,0.27818693815661216,0.0,0.0,0.0,0.0,287,32,1.9133333333333333,0.32811653850319505,10,24
2024-10-25,206256,179,158,1152.268156424581,1.1329113924050633,4,Friday,0,0.44802656241632305,0.28040486263589137,0.0,0.0,0.0,0.0,303,32,1.9177215189873418,0.3571466823756226,10,25
2024-10-26,147838,126,100,1173.3174603174602,1.26,5,Saturday,1,0.3869938463876016,0.29947580338828533,0.0,0.0,0.0,0.0,203,31,2.03,0.29400592570082806,10,26
2024-10-27,128315,97,64,1322.8350515463917,1.515625,6,Sunday,1,0.31247321045863696,0.5173596228032576,0.0,0.0,0.0,0.0,190,31,2.96875,0.22511787398199742,10,27
2024-10-28,205104,165,123,1243.0545454545454,1.3414634146341464,0,Monday,0,0.43302882904259105,0.2776022174527335,0.0,0.0,0.0,0.0,285,34,2.317073170731707,0.3132583397146216,10,28
2024-10-29,151815,127,104,1195.3937007874015,1.2211538461538463,1,Tuesday,0,0.5432404841767536,0.20788974770307714,0.0,0.0,0.0,0.0,213,34,2.048076923076923,0.46973895289485196,10,29
2024-10-30,180701,151,128,1196.6953642384105,1.1796875,2,Wednesday,0,0.4846389228886169,0.26627906976744187,0.0,0.0,0.0,0.0,246,34,1.921875,0.3635862913096695,10,30
2024-10-31,229658,194,163,1183.8041237113403,1.1901840490797546,3,Thursday,0,0.43179423316409615,0.23469681003927578,0.0,0.0,0.0,0.0,332,34,2.03680981595092,0.36488169364881695,10,31
2024-11-01,200615,168,141,1194.1369047619048,1.1914893617021276,4,Friday,0,0.4615983538179189,0.3268450030587843,0.0,0.0,0.0,0.0,267,30,1.8936170212765957,0.38579611812468717,11,1
2024-11-02,146135,117,74,1249.017094017094,1.5810810810810811,5,Saturday,1,0.3672563041023711,0.3452013549115544,0.0,0.0,0.0,0.0,182,28,2.4594594594594597,0.3004140007527286,11,2
2024-11-03,127259,102,68,1247.637254901961,1.5,6,Sunday,1,0.5473247471691589,0.3021004408332613,0.0,0.0,0.0,0.0,167,23,2.4558823529411766,0.3596680784856081,11,3
2024-11-04,123303,100,75,1233.03,1.3333333333333333,0,Monday,0,0.4112569681711922,0.31631001618413956,0.0,0.0,0.0,0.0,174,32,2.32,0.17703650422585865,11,4
2024-11-05,187884,152,118,1236.078947368421,1.2881355932203389,1,Tuesday,0,0.34737833225445774,0.3907491319955276,0.0,0.0,0.0,0.0,260,34,2.2033898305084745,0.2709939386806332,11,5
2024-11-06,185352,139,121,1333.4676258992806,1.1487603305785123,2,Wednesday,0,0.41622395988778127,0.28591893989136274,0.0,0.0,0.0,0.0,257,34,2.12396694214876,0.325016414970453,11,6
2024-11-07,168971,145,109,1165.3172413793104,1.3302752293577982,3,Thursday,0,0.501660048173947,0.26052991341709525,0.0,0.0,0.0,0.0,225,26,2.0642201834862384,0.41592344248421326,11,7
2024-11-08,164243,139,111,1181.6043165467627,1.2522522522522523,4,Friday,0,0.3461642173385466,0.21410273695564244,0.0,0.0,0.0,0.0,217,30,1.954954954954955,0.2662801671834974,11,8
2024-11-09,153373,112,96,1369.4017857142858,1.1666666666666667,5,Saturday,1,0.29912600145666424,0.3314639475600874,0.0,0.0,0.0,0.0,260,34,2.7083333333333335,0.23903860160233067,11,9
2024-11-10,145268,113,80,1285.5575221238937,1.4125,6,Sunday,1,0.5426806011137386,0.26058433137539094,0.0,0.0,0.0,0.0,167,21,2.0875,0.44908078419406516,11,10
2024-11-11,203907,139,116,1466.9568345323742,1.1982758620689655,0,Monday,0,0.35744726762690837,0.16831202459944974,0.0,0.0,0.0,0.0,236,22,2.0344827586206895,0.24065382748017478,11,11
2024-11-12,235717,160,132,1473.23125,1.2121212121212122,1,Tuesday,0,0.43996621780134193,0.2889785576877962,0.0,0.0,0.0,0.0,267,24,2.022727272727273,0.3308778679679069,11,12
2024-11-13,256718,184,153,1395.2065217391305,1.2026143790849673,2,Wednesday,0,0.4548376039077899,0.19119033336189906,0.0,0.0,0.0,0.0,277,27,1.8104575163398693,0.3337475362070443,11,13
2024-11-14,184250,134,115,1375.0,1.1652173913043478,3,Thursday,0,0.4354626865671642,0.2346865671641791,0.0,0.0,0.0,0.0,201,22,1.7478260869565216,0.3843582089552239,11,14
2024-11-15,203929,151,125,1350.523178807947,1.208,4,Friday,0,0.41431576676196125,0.33507740439074385,0.0,0.0,0.0,0.0,204,23,1.632,0.28604563352931656,11,15
2024-11-16,157300,109,81,1443.119266055046,1.345679012345679,5,Saturday,1,0.29832167832167833,0.24622377622377623,0.0,0.0,0.0,0.0,169,26,2.0864197530864197,0.2169230769230769,11,16
2024-11-17,149149,103,77,1448.0485436893205,1.3376623376623376,6,Sunday,1,0.40238955675197285,0.31550999336234237,0.0,0.0,0.0,0.0,160,23,2.0779220779220777,0.26262998746220223,11,17
2024-11-18,194755,144,116,1352.4652777777778,1.2413793103448276,0,Monday,0,0.39390002824061,0.25845806269415417,0.0,0.0,0.0,0.0,217,25,1.8706896551724137,0.3024569330697543,11,18
2024-11-19,192258,140,113,1373.2714285714285,1.238938053097345,1,Tuesday,0,0.47162146698706947,0.30907426479002176,0.0,0.0,0.0,0.0,204,22,1.8053097345132743,0.3848266392035702,11,19
2024-11-20,146256,103,89,1419.9611650485438,1.1573033707865168,2,Wednesday,0,0.43742478941034896,0.31528279181708785,0.0,0.0,0.0,0.0,160,22,1.797752808988764,0.2867779783393502,11,20
2024-11-21,170940,116,92,1473.6206896551723,1.2608695652173914,3,Thursday,0,0.3567567567567568,0.37027027027027026,0.0,0.0,0.0,0.0,196,27,2.130434782608696,0.28745173745173747,11,21
2024-11-22,159489,112,94,1424.0089285714287,1.1914893617021276,4,Friday,0,0.48904052936311,0.2941135925006893,0.0,0.0,0.0,0.0,175,23,1.8617021276595744,0.41425420457678525,11,22
2024-11-23,142549,99,73,1439.888888888889,1.356164383561644,5,Saturday,1,0.33297322324253414,0.3312755613859094,0.0,0.0,0.0,0.0,158,22,2.164383561643836,0.2186897137124778,11,23
2024-11-24,100232,71,50,1411.718309859155,1.42,6,Sunday,1,0.3981562774363477,0.4147278314310799,0.0,0.0,0.0,0.0,114,23,2.28,0.27842405618964006,11,24
2024-11-25,225225,159,121,1416.5094339622642,1.3140495867768596,0,Monday,0,0.3763125763125763,0.35106227106227106,0.0,0.0,0.0,0.0,270,27,2.231404958677686,0.19008547008547008,11,25
2024-11-26,198484,142,115,1397.774647887324,1.2347826086956522,1,Tuesday,0,0.47439592108180006,0.17745510973176679,0.0,0.0,0.0,0.0,250,24,2.1739130434782608,0.34027931722456217,11,26
2024-11-27,180598,133,103,1357.8796992481202,1.2912621359223302,2,Wednesday,0,0.4711901571445974,0.3346327201851626,0.0,0.0,0.0,0.0,217,23,2.1067961165048543,0.36185893531489827,11,27
2024-11-28,220330,159,134,1385.7232704402516,1.1865671641791045,3,Thursday,0,0.45856215676485274,0.35007488766849726,0.0,0.0,0.0,0.0,242,25,1.8059701492537314,0.3648527209186221,11,28
2024-11-29,182974,127,109,1440.740157480315,1.165137614678899,4,Friday,0,0.43699651316580496,0.32042803895635447,0.0,0.0,0.0,0.0,207,26,1.8990825688073394,0.31585908380425637,11,29
2024-11-30,110209,87,58,1266.7701149425288,1.5,5,Saturday,1,0.45453638087633497,0.23764846791096916,0.0,0.0,0.0,0.0,125,21,2.1551724137931036,0.32099011877432876,11,30
2024-12-01,117348,87,60,1348.8275862068965,1.45,6,Sunday,1,0.38310836145481814,0.2821522309711286,0.0,0.0,0.0,0.0,126,20,2.1,0.28346456692913385,12,1
2024-12-02,142901,103,88,1387.388349514563,1.1704545454545454,0,Monday,0,0.5257485951812794,0.225540758986991,0.0,0.0,0.0,0.0,165,23,1.875,0.4116696174274498,12,2
2024-12-03,198261,135,112,1468.6,1.2053571428571428,1,Tuesday,0,0.45751633986928103,0.2356851572537847,0.0,0.0,0.0,0.0,219,28,1.9553571428571428,0.3420479302832244,12,3
2024-12-04,171556,127,100,1350.8346456692914,1.27,2,Wednesday,0,0.48448320082072327,0.1975506540138497,0.0,0.0,0.0,0.0,177,22,1.77,0.3749679404975635,12,4
2024-12-05,188914,135,110,1399.362962962963,1.2272727272727273,3,Thursday,0,0.4063700943286363,0.25602655176429484,0.0,0.0,0.0,0.0,205,26,1.8636363636363635,0.3189705368580412,12,5
2024-12-06,171974,121,106,1421.2727272727273,1.1415094339622642,4,Friday,0,0.5028143789177434,0.20468210310860943,0.0,0.0,0.0,0.0,191,24,1.8018867924528301,0.33906869643085585,12,6
2024-12-07,115038,89,73,1292.561797752809,1.2191780821917808,5,Saturday,1,0.34710269650028686,0.3593421304264678,0.0,0.0,0.0,0.0,135,27,1.8493150684931507,0.2405813731114936,12,7
2024-12-08,102839,69,53,1490.4202898550725,1.3018867924528301,6,Sunday,1,0.2966092630227832,0.5068991335971762,0.0,0.0,0.0,0.0,116,23,2.188679245283019,0.23371483581131672,12,8
2024-12-09,155771,114,93,1366.4122807017543,1.2258064516129032,0,Monday,0,0.45067438740201965,0.28161852976484714,0.0,0.0,0.0,0.0,179,22,1.924731182795699,0.3806934538521291,12,9
2024-12-10,169840,132,97,1286.6666666666667,1.3608247422680413,1,Tuesday,0,0.4562176165803109,0.3133419689119171,0.0,0.0,0.0,0.0,190,26,1.958762886597938,0.3659974093264249,12,10
2024-12-11,191957,136,117,1411.4485294117646,1.1623931623931625,2,Wednesday,0,0.4456245670745786,0.2810551835603787,0.0,0.0,0.0,0.0,209,25,1.7863247863247864,0.36082890787347033,12,11
2024-12-12,174933,126,93,1388.357142857143,1.3548387096774193,3,Thursday,0,0.5973086838961202,0.19820159718292146,0.0,0.0,0.0,0.0,196,19,2.10752688172043,0.429856002012199,12,12
2024-12-13,219912,159,126,1383.0943396226414,1.2619047619047619,4,Friday,0,0.4454219121290257,0.3582082006168158,0.0,0.0,0.0,0.0,239,24,1.8968253968253967,0.31159310379695637,12,13
2024-12-14,162360,108,83,1503.3333333333333,1.3012048192771084,5,Saturday,1,0.41544715447154473,0.28299457994579946,0.0,0.0,0.0,0.0,182,26,2.1927710843373496,0.24390243902439024,12,14
2024-12-15,111991,76,56,1473.5657894736842,1.3571428571428572,6,Sunday,1,0.5092819958746685,0.1471368234947451,0.0,0.0,0.0,0.0,125,19,2.232142857142857,0.27295943424025143,12,15
2024-12-16,167002,120,101,1391.6833333333334,1.188118811881188,0,Monday,0,0.5976814648926361,0.12389671979976288,0.0,0.0,0.0,0.0,191,23,1.891089108910891,0.4484257673560796,12,16
2024-12-17,171605,120,97,1430.0416666666667,1.2371134020618557,1,Tuesday,0,0.41458632858449873,0.34903934126258007,0.0,0.0,0.0,0.0,181,24,1.865979381443299,0.3196967716638348,12,17
2024-12-18,180477,127,104,1421.0787401574803,1.2211538461538463,2,Wednesday,0,0.46559395380020724,0.26543548485402574,0.0,0.0,0.0,0.0,203,25,1.9519230769230769,0.35423904431035536,12,18
2024-12-19,266204,111,93,2398.234234234234,1.1935483870967742,3,Thursday,0,0.31290095446721955,0.4345564074479737,0.0,0.0,0.0,0.0,164,21,1.7634408602150538,0.23200594586136755,12,19
2024-12-20,209778,145,110,1446.7448275862068,1.3181818181818181,4,Friday,0,0.4715248659837588,0.24977442810891143,0.0,0.0,0.0,0.0,226,24,2.0545454545454547,0.3984395732710578,12,20
2024-12-21,138798,102,72,1360.764705882353,1.4166666666666667,5,Saturday,1,0.44753526707877633,0.2620859090188619,0.0,0.0,0.0,0.0,136,19,1.8888888888888888,0.26200665715644317,12,21
2024-12-22,114070,77,54,1481.4285714285713,1.4259259259259258,6,Sunday,1,0.4227579556412729,0.36721311475409835,0.0,0.0,0.0,0.0,130,21,2.4074074074074074,0.30154291224686597,12,22
2024-12-23,105006,81,72,1296.3703703703704,1.125,0,Monday,0,0.5256652000838047,0.1910747957259585,0.0,0.0,0.0,0.0,120,22,1.6666666666666667,0.40812905929185,12,23
2024-12-24,80839,57,50,1418.2280701754387,1.14,1,Tuesday,0,0.5764049530548374,0.17852769084229148,0.0,0.0,0.0,0.0,102,21,2.04,0.4581575724588379,12,24
2024-12-25,104863,77,59,1361.857142857143,1.305084745762712,2,Wednesday,0,0.6007552711633274,0.20130074478128607,0.0,0.0,0.0,0.0,120,22,2.0338983050847457,0.4556802685408581,12,25
2024-12-26,184470,131,101,1408.1679389312976,1.297029702970297,3,Thursday,0,0.4150864639236732,0.3974358974358974,0.0,0.0,0.0,0.0,208,24,2.0594059405940595,0.3271317829457364,12,26
2024-12-27,159808,126,88,1268.3174603174602,1.4318181818181819,4,Friday,0,0.47508259911894274,0.27326541850220265,0.0,0.0,0.0,0.0,182,26,2.0681818181818183,0.39551211453744495,12,27
2024-12-28,110110,78,59,1411.6666666666667,1.3220338983050848,5,Saturday,1,0.4156843156843157,0.15424575424575424,0.0,0.0,0.0,0.0,123,23,2.0847457627118646,0.11398601398601399,12,28
2024-12-29,95700,66,42,1450.0,1.5714285714285714,6,Sunday,1,0.35701149425287354,0.33873563218390806,0.0,0.0,0.0,0.0,99,21,2.357142857142857,0.23655172413793105,12,29
2024-12-30,135168,96,62,1408.0,1.5483870967741935,0,Monday,0,0.456787109375,0.21956380208333334,0.0,0.0,0.0,0.0,144,23,2.3225806451612905,0.36083984375,12,30
2025-01-06,134915,96,75,1405.3645833333333,1.28,0,Monday,0,0.6626987362413371,0.12229922543823889,0.0,0.0,0.0,0.0,139,20,1.8533333333333333,0.5608642478597635,1,6
2025-01-07,169840,124,102,1369.6774193548388,1.2156862745098038,1,Tuesday,0,0.46968911917098444,0.19650259067357512,0.0,0.0,0.0,0.0,185,24,1.8137254901960784,0.42033678756476683,1,7
2025-01-08,126137,93,78,1356.3118279569892,1.1923076923076923,2,Wednesday,0,0.5505363216185576,0.2737420423824889,0.0,0.0,0.0,0.0,126,20,1.6153846153846154,0.470044475451295,1,8
2025-01-09,162910,116,91,1404.396551724138,1.2747252747252746,3,Thursday,0,0.4237677245104659,0.24962862930452398,0.0,0.0,0.0,0.0,184,23,2.021978021978022,0.3512491559756921,1,9
2025-01-10,160944,123,94,1308.4878048780488,1.3085106382978724,4,Friday,0,0.5611350674641814,0.20127973292530255,0.0,0.0,0.0,0.0,175,22,1.8617021276595744,0.5162748643761302,1,10
2025-01-11,144177,98,68,1471.1938775510205,1.4411764705882353,5,Saturday,1,0.3271534294651713,0.3346303501945525,0.0,0.0,0.0,0.0,165,21,2.426470588235294,0.22758831158922713,1,11
2025-01-12,138413,103,69,1343.8155339805826,1.4927536231884058,6,Sunday,1,0.4150838432806167,0.35738695064769926,0.0,0.0,0.0,0.0,149,19,2.1594202898550723,0.30445839624890725,1,12
2025-01-13,136015,98,69,1387.908163265306,1.4202898550724639,0,Monday,0,0.52778002426203,0.2672866963202588,0.0,0.0,0.0,0.0,147,21,2.130434782608696,0.30465022240194095,1,13
2025-01-14,106203,75,67,1416.04,1.1194029850746268,1,Tuesday,0,0.5101163643987839,0.18261872313659713,0.0,0.0,0.0,0.0,123,21,1.835820895522388,0.45738547017507075,1,14
2025-01-15,151239,98,84,1543.2551020408164,1.1666666666666667,2,Wednesday,0,0.4390137464542876,0.27114699250854607,0.0,0.0,0.0,0.0,166,25,1.9761904761904763,0.30234926176449195,1,15
2025-01-16,171094,122,94,1402.4098360655737,1.297872340425532,3,Thursday,0,0.48572714414298573,0.18831168831168832,0.0,0.0,0.0,0.0,185,20,1.9680851063829787,0.41744888774591743,1,16
2025-01-17,154847,110,83,1407.7,1.3253012048192772,4,Friday,0,0.3522057256517724,0.4531505292320807,0.0,0.0,0.0,0.0,155,24,1.8674698795180722,0.29139731476877173,1,17
2025-01-18,159775,110,74,1452.5,1.4864864864864864,5,Saturday,1,0.4365576592082616,0.2440619621342513,0.0,0.0,0.0,0.0,174,23,2.3513513513513513,0.39008605851979344,1,18
2025-01-19,133232,93,69,1432.6021505376343,1.3478260869565217,6,Sunday,1,0.4235468956406869,0.38507265521796563,0.0,0.0,0.0,0.0,150,23,2.1739130434782608,0.27344782034346105,1,19
2025-01-20,133628,104,82,1284.8846153846155,1.2682926829268293,0,Monday,0,0.5292229173526506,0.16784655910437932,0.0,0.0,0.0,0.0,134,14,1.6341463414634145,0.4539018768521567,1,20
2025-01-21,137115,99,77,1385.0,1.2857142857142858,1,Tuesday,0,0.5010830324909747,0.23866827115924588,0.0,0.0,0.0,0.0,157,25,2.038961038961039,0.38251103088648214,1,21
2025-01-22,170678,123,104,1387.6260162601627,1.1826923076923077,2,Wednesday,0,0.4295998443478825,0.23626694338154225,0.0,0.0,0.0,0.0,179,19,1.7211538461538463,0.3699331992995655,1,22
2025-01-23,175340,137,109,1279.85401459854,1.2568807339449541,3,Thursday,0,0.42164366373902135,0.3584692597239649,0.0,0.0,0.0,0.0,194,19,1.7798165137614679,0.3662484316185696,1,23
2025-01-24,200398,141,116,1421.2624113475176,1.2155172413793103,4,Friday,0,0.4160720166867933,0.3007465144362718,0.0,0.0,0.0,0.0,236,25,2.0344827586206895,0.31337139093204525,1,24
2025-01-25,90827,68,54,1335.6911764705883,1.2592592592592593,5,Saturday,1,0.2459731137216907,0.2519074724476202,0.0,0.0,0.0,0.0,104,19,1.9259259259259258,0.18905171369746882,1,25
2025-01-26,101966,76,48,1341.657894736842,1.5833333333333333,6,Sunday,1,0.4260089686098655,0.31062014656021,0.0,0.0,0.0,0.0,131,19,2.7291666666666665,0.3485726785518976,1,26
2025-01-27,132071,92,78,1435.554347826087,1.1794871794871795,0,Monday,0,0.30991491870946003,0.3463061241681408,0.0,0.0,0.0,0.0,154,19,1.9743589743589745,0.2724286075309578,1,27
2025-01-28,128623,94,78,1368.3297872340424,1.205128205128205,1,Tuesday,0,0.4667702399447609,0.21810806145347833,0.0,0.0,0.0,0.0,140,24,1.794871794871795,0.32047298463663043,1,28
2025-01-29,133115,95,68,1401.2105263157894,1.3970588235294117,2,Wednesday,0,0.41826239652144825,0.24977004766284808,0.0,0.0,0.0,0.0,158,21,2.323529411764706,0.36466259720712435,1,29
2025-01-30,191345,141,102,1357.0567375886526,1.3823529411764706,3,Thursday,0,0.3695889623455016,0.26806553607358435,0.0,0.0,0.0,0.0,211,25,2.0686274509803924,0.2966944524288589,1,30
2025-01-31,202697,147,107,1378.891156462585,1.3738317757009346,4,Friday,0,0.36202311825039346,0.3804200358170077,0.0,0.0,0.0,0.0,201,22,1.8785046728971964,0.3025994464644272,1,31
2025-02-01,133938,93,58,1440.1935483870968,1.603448275862069,5,Saturday,1,0.34191572150012417,0.34588956039407237,0.0,0.0,0.0,0.0,150,25,2.586206896551724,0.30333636890471066,2,1
2025-02-02,200585,140,93,1432.75,1.5053763440860215,6,Sunday,1,0.2718398683849739,0.4646558815464766,0.0,0.0,0.0,0.0,204,27,2.193548387096774,0.19786125582670688,2,2
2025-02-03,136752,96,72,1424.5,1.3333333333333333,0,Monday,0,0.41425353925353925,0.3055019305019305,0.0,0.0,0.0,0.0,133,23,1.8472222222222223,0.2964124839124839,2,3
2025-02-04,387233,265,203,1461.2566037735849,1.3054187192118227,1,Tuesday,0,0.39505155810584325,0.339601738488197,0.0,0.0,0.0,0.0,398,29,1.9605911330049262,0.32505752350651934,2,4
2025-02-06,144921,99,77,1463.8484848484848,1.2857142857142858,3,Thursday,0,0.3696551724137931,0.38306513409961684,0.0,0.0,0.0,0.0,143,22,1.8571428571428572,0.33195402298850574,2,6
2025-02-07,261125,174,124,1500.7183908045977,1.403225806451613,4,Friday,0,0.3202297383535418,0.32439906402893004,0.0,0.0,0.0,0.0,253,29,2.0403225806451615,0.26458200382897257,2,7
2025-02-08,166111,114,74,1457.1140350877192,1.5405405405405406,5,Saturday,1,0.2512416396265148,0.24336136679690087,0.0,0.0,0.0,0.0,178,26,2.4054054054054053,0.12171379378849083,2,8
2025-02-09,132057,91,64,1451.1758241758241,1.421875,6,Sunday,1,0.44188780651662746,0.2875377897211958,0.0,0.0,0.0,0.0,132,28,2.0625,0.30525697010413166,2,9
2025-02-10,178464,121,86,1474.909090909091,1.4069767441860466,0,Monday,0,0.35404339250493094,0.43583579881656803,0.0,0.0,0.0,0.0,179,22,2.0813953488372094,0.25819773175542404,2,10
2025-02-11,139689,92,57,1518.358695652174,1.6140350877192982,1,Tuesday,0,0.46058744783053784,0.39255059453500274,0.0,0.0,0.0,0.0,165,24,2.8947368421052633,0.19686589495235846,2,11
2025-02-12,182932,128,95,1429.15625,1.3473684210526315,2,Wednesday,0,0.39877820117341073,0.32740579447166274,0.0,0.0,0.0,0.0,191,27,2.0105263157894737,0.2535534990624811,2,12
2025-02-13,175725,120,100,1464.375,1.2,3,Thursday,0,0.40225352112676055,0.19931142410015648,0.0,0.0,0.0,0.0,179,26,1.79,0.26472613458528954,2,13
2025-02-14,130955,92,74,1423.4239130434783,1.2432432432432432,4,Friday,0,0.531877362452751,0.25863082738345233,0.0,0.0,0.0,0.0,128,20,1.7297297297297298,0.46207475850482993,2,14
2025-02-15,138968,97,67,1432.659793814433,1.4477611940298507,5,Saturday,1,0.3274957630538294,0.35041562424340245,0.0,0.0,0.0,0.0,138,22,2.0597014925373136,0.22944072310547978,2,15
2025-02-16,123024,83,56,1482.2168674698796,1.4821428571428572,6,Sunday,1,0.38483547925608014,0.36373390557939916,0.0,0.0,0.0,0.0,130,22,2.3214285714285716,0.21736409155937053,2,16
2025-02-17,139205,98,77,1420.4591836734694,1.2727272727272727,0,Monday,0,0.44195969972342947,0.23476886606084552,0.0,0.0,0.0,0.0,147,21,1.9090909090909092,0.3426313709996049,2,17
2025-02-18,128898,90,77,1432.2,1.1688311688311688,1,Tuesday,0,0.29348011606076124,0.35543608124253284,0.0,0.0,0.0,0.0,127,24,1.6493506493506493,0.20694657791431986,2,18
2025-02-19,141856,100,78,1418.56,1.2820512820512822,2,Wednesday,0,0.43416563275434245,0.34375,0.0,0.0,0.0,0.0,140,18,1.794871794871795,0.3038151364764268,2,19
2025-02-20,155777,108,87,1442.3796296296296,1.2413793103448276,3,Thursday,0,0.3945131099521326,0.3132099735657641,0.0,0.0,0.0,0.0,163,26,1.8735632183908046,0.3397870972351218,2,20
2025-02-21,248842,171,128,1455.2163742690059,1.3359375,4,Friday,0,0.39859428874546904,0.18123950137034744,0.0,0.0,0.0,0.0,264,28,2.0625,0.332066130315622,2,21
2025-02-22,151087,101,63,1495.9108910891089,1.6031746031746033,5,Saturday,1,0.1868309136236985,0.2803196949699369,0.0,0.0,0.0,0.0,158,26,2.507936507936508,0.12523830473676492,2,22
2025-02-23,145006,99,60,1464.7070707070707,1.65,6,Sunday,1,0.4243917462272867,0.2931167231290422,0.0,0.0,0.0,0.0,144,22,2.4,0.2952725592854943,2,23
2025-02-24,148676,104,59,1429.576923076923,1.7627118644067796,0,Monday,0,0.520272269902338,0.2823320509026339,0.0,0.0,0.0,0.0,158,24,2.6779661016949152,0.3708197691624741,2,24
2025-02-25,128931,93,78,1386.3548387096773,1.1923076923076923,1,Tuesday,0,0.532804368227967,0.16995136933708727,0.0,0.0,0.0,0.0,137,24,1.7564102564102564,0.44646361231976794,2,25
2025-02-26,166001,121,94,1371.909090909091,1.2872340425531914,2,Wednesday,0,0.4017626399840965,0.2282817573388112,0.0,0.0,0.0,0.0,170,22,1.8085106382978724,0.3179378437479292,2,26
2025-02-27,226666,152,106,1491.2236842105262,1.4339622641509433,3,Thursday,0,0.24895661457827817,0.3830923032126565,0.0,0.0,0.0,0.0,240,26,2.2641509433962264,0.20081529651557797,2,27
2025-02-28,275154,186,133,1479.3225806451612,1.3984962406015038,4,Friday,0,0.3154233629167666,0.3993363716318861,0.0,0.0,0.0,0.0,283,29,2.1278195488721803,0.24550251858958982,2,28
2025-03-28,0,2,2,0.0,1.0,4,Friday,0,0.0,0.0,0.0,0.0,0.0,0.0,10,7,5.0,0.0,3,28
2025-03-31,0,10,10,0.0,1.0,0,Monday,0,0.0,0.0,0.0,0.0,0.0,0.0,281,80,28.1,0.0,3,31
2025-04-01,517998,383,312,1352.4751958224542,1.2275641025641026,1,Tuesday,0,0.42772892759053843,0.301730928910558,0.05356724648172199,0.011284038408311865,0.00106453192531244,0.0012774383103749281,526,24,1.685897435897436,0.2702207839213098,4,1
2025-04-02,612850,454,392,1349.8898678414098,1.1581632653061225,2,Wednesday,0,0.37664023071377073,0.37503604902667625,0.025757029560201875,0.010634462869502523,0.00045061283345349673,0.0013518385003604902,599,24,1.528061224489796,0.2519466474405191,4,2
2025-04-03,574970,427,347,1346.5339578454332,1.2305475504322767,3,Thursday,0,0.36265544289267265,0.3658121293284867,0.045972833365219054,0.008513487660225751,0.0028697149416491295,0.0025827434474842165,561,26,1.61671469740634,0.2409221350679166,4,3
2025-04-04,650896,486,400,1339.2921810699588,1.215,4,Friday,0,0.3590851853112344,0.3471224857911037,0.04374978729197155,0.008082905081169383,0.0025524963414219107,0.0007657489024265732,641,31,1.6025,0.22997992036211415,4,4
2025-04-05,473427,298,208,1588.6812080536913,1.4326923076923077,5,Saturday,1,0.3767838374401495,0.3560901553193974,0.03790727548756277,0.003036319047062945,0.0011678150181011328,0.03477753123905174,470,49,2.2596153846153846,0.22365993226672895,4,5
2025-04-06,495687,307,208,1614.615635179153,1.4759615384615385,6,Sunday,1,0.35627747160802337,0.41544880519422567,0.04310671813293469,0.003123675227024253,0.005020192329146121,0.02878243602043776,458,49,2.201923076923077,0.26984091568308083,4,6
2025-04-07,469399,291,249,1613.0549828178694,1.1686746987951808,0,Monday,0,0.3984306887532694,0.3336789274016824,0.03138622493461203,0.006126440302551898,0.0017672423949668936,0.02436438181861024,463,49,1.859437751004016,0.2709536039963241,4,7
2025-04-08,538089,350,277,1537.3971428571429,1.263537906137184,1,Tuesday,0,0.383319275001543,0.3782788487254922,0.05083629929845496,0.005966218857366223,0.0010286584236838315,0.017446046865677783,563,45,2.032490974729242,0.2865636636698418,4,8
2025-04-09,518054,327,265,1584.262996941896,1.2339622641509433,2,Wednesday,0,0.3457496169367892,0.43923862140406156,0.04713296070095172,0.002589723115436908,0.0010790512980987117,0.02835746811403414,489,45,1.8452830188679246,0.24945507909446016,4,9
2025-04-10,475171,300,254,1583.9033333333334,1.1811023622047243,3,Thursday,0,0.459311021781808,0.319225016359727,0.03047583434607834,0.005141628493970272,0.0029213798261194727,0.021127418902496028,468,51,1.8425196850393701,0.3224735907263719,4,10
2025-04-11,527457,322,252,1638.0652173913043,1.2777777777777777,4,Friday,0,0.35905983627310323,0.36669761161279435,0.056587053759810955,0.005274706726306018,0.002109882690522407,0.02861000928348384,514,52,2.0396825396825395,0.24759473373280447,4,11
2025-04-12,410324,245,184,1674.7918367346938,1.3315217391304348,5,Saturday,1,0.3495229135868835,0.4275231823679613,0.04811181292836984,0.0034941540115575862,0.0,0.05036957398199167,414,46,2.25,0.2546163150114232,4,12
2025-04-13,361616,217,147,1666.4331797235022,1.4761904761904763,6,Sunday,1,0.3076804962687713,0.503086324970058,0.0545404293216227,0.0033780671314068114,0.0007677425298651844,0.04548106746921352,384,45,2.6122448979591835,0.2260848201946995,4,13
2025-04-14,493223,307,243,1606.5895765472312,1.2633744855967077,0,Monday,0,0.4248343923212113,0.3516290387995133,0.03532963814158893,0.005182281104952459,0.0016898742733540625,0.04251723671758821,518,53,2.1316872427983538,0.2616826641431211,4,14
2025-04-15,445291,296,248,1504.3614864864865,1.1935483870967742,1,Tuesday,0,0.4278797460537042,0.38842913959635383,0.03060695140930313,0.0017292062943109112,0.0006175736765396112,0.019194189866851116,421,46,1.6975806451612903,0.29438502013290185,4,15
2025-04-16,494938,311,258,1591.4405144694533,1.2054263565891472,2,Wednesday,0,0.418386618103332,0.4114168802554072,0.04487611853050946,0.003822114303700706,0.0,0.036782229416790324,474,48,1.8372093023255813,0.28980619632177707,4,16
2025-04-17,503931,302,247,1668.6456953642385,1.222672064777328,3,Thursday,0,0.35797101449275365,0.423276240667545,0.07351778656126483,0.005489679402722881,0.0005489679402722881,0.03331137461572244,541,50,2.1902834008097165,0.255467720685112,4,17
2025-04-18,531008,319,246,1664.601880877743,1.2967479674796747,4,Friday,0,0.34859874086707515,0.4206514644263365,0.06217758406502011,0.005895605668203735,0.0021055734529299053,0.03720548291327143,549,60,2.231707317073171,0.23047607015770746,4,18
2025-04-19,523446,321,224,1630.6728971962616,1.4330357142857142,5,Saturday,1,0.32110284537469,0.430862018240659,0.04738788719371244,0.0027318959357794308,0.0031521876182070358,0.04154583280796873,503,48,2.2455357142857144,0.19020300088261252,4,19
2025-04-20,453399,262,191,1730.530534351145,1.3717277486910995,6,Sunday,1,0.28169597194486384,0.4502703229263066,0.04578442355462471,0.005601285860406215,0.0018265062588281135,0.05913009595246213,480,52,2.513089005235602,0.18457454580877697,4,20
2025-04-21,407328,256,216,1591.125,1.1851851851851851,0,Monday,0,0.39411796952088585,0.34818002412016225,0.03313781383620217,0.00274092752987611,0.0,0.031575485144172785,422,47,1.9537037037037037,0.23643240872711324,4,21
2025-04-22,497040,303,249,1640.3960396039604,1.216867469879518,1,Tuesday,0,0.334965741884758,0.40685162304841066,0.06566325957542402,0.0031450073009098058,0.0011232168931820735,0.03774008761091767,520,52,2.0883534136546187,0.22477816466359654,4,22
2025-04-23,449077,276,224,1627.090579710145,1.2321428571428572,2,Wednesday,0,0.3249987658587155,0.44981981537246385,0.0447005973243817,0.0027151108258873474,0.004319494495729871,0.03707360418620724,448,53,2.0,0.19139063039936813,4,23
2025-04-24,486915,313,252,1555.6389776357828,1.242063492063492,3,Thursday,0,0.357828706010236,0.4311563023687667,0.046197744463064454,0.005208569228678835,0.0,0.025476697314189955,509,50,2.0198412698412698,0.2384392409076498,4,24
2025-04-25,534765,331,267,1615.6042296072508,1.2397003745318351,4,Friday,0,0.39831327779491926,0.39016764373135865,0.04006993726216188,0.0037025609379821045,0.005142445747197367,0.03307621104597346,539,54,2.0187265917602994,0.2642805718399671,4,25
2025-04-26,535311,313,220,1710.258785942492,1.4227272727272726,5,Saturday,1,0.3480983971321439,0.4123161234496683,0.05723350776711031,0.005974700234867527,0.0015451810952243604,0.04652025217355474,550,58,2.5,0.22349499361325148,4,26
2025-04-27,430128,253,179,1700.110671936759,1.4134078212290502,6,Sunday,1,0.34448692617587434,0.42280157039850147,0.05044776885376306,0.004618819121911165,0.0032075132791049756,0.04061994816658541,422,53,2.357541899441341,0.23153113853891355,4,27
2025-04-28,429864,277,229,1551.8555956678701,1.2096069868995634,0,Monday,0,0.4847902903671839,0.33566344036462337,0.045731551185537976,0.004609002919035182,0.000640139294310442,0.023864392891893276,467,47,2.039301310043668,0.3337174169099196,4,28
2025-04-29,408932,248,180,1648.9193548387098,1.3777777777777778,1,Tuesday,0,0.3792172739541161,0.44059379217273953,0.054197031039136305,0.002968960863697706,0.001349527665317139,0.058299595141700404,447,47,2.4833333333333334,0.280080971659919,4,29
2025-04-30,545067,348,284,1566.2844827586207,1.2253521126760563,2,Wednesday,0,0.36758374677108535,0.38915084669318134,0.022530649063102218,0.004920250932797573,0.003075156832998483,0.019270982820123825,597,51,2.102112676056338,0.25925622206732546,4,30
2025-05-01,491665,302,230,1628.0298013245033,1.3130434782608695,3,Thursday,0,0.3744778331761218,0.40335983470331943,0.04476036473071913,0.004716345505996497,0.001684409109284463,0.016933926245339802,486,48,2.1130434782608694,0.25014598212280464,5,1
2025-05-02,400752,243,186,1649.1851851851852,1.3064516129032258,4,Friday,0,0.40464426877470355,0.4107103645147123,0.046003513394817744,0.005489679402722881,0.0034310496267018005,0.023770311813790076,368,48,1.978494623655914,0.2658102766798419,5,2
2025-05-03,438075,259,176,1691.4092664092664,1.4715909090909092,5,Saturday,1,0.28354048964218453,0.4556183301946014,0.05639673571876962,0.0035153797865662274,0.0006277463904582549,0.04924042686754551,407,50,2.3125,0.17667294413057125,5,3
2025-05-04,325985,218,148,1495.3440366972477,1.472972972972973,6,Sunday,1,0.34955289353804625,0.3638603003205669,0.051661886283111184,0.0037118272313143245,0.0016871941960519656,0.06526067150329003,362,49,2.445945945945946,0.23060570271638264,5,4
2025-05-05,354178,214,148,1655.03738317757,1.445945945945946,0,Monday,0,0.39319212373439344,0.4330703770420523,0.04807752034287844,0.004969252748617927,0.001552891483943102,0.0508106093546183,337,50,2.277027027027027,0.22740542890862786,5,5
2025-05-06,288321,170,130,1696.0058823529412,1.3076923076923077,1,Tuesday,0,0.3450459730647438,0.44981114799130134,0.057723856396169546,0.005722788142382969,0.0019075960474609897,0.07298462477585746,306,51,2.353846153846154,0.25393918583800695,5,6
2025-05-07,315663,197,157,1602.3502538071066,1.2547770700636942,2,Wednesday,0,0.41946097304865243,0.35491774588729436,0.01991599579978999,0.005250262513125656,0.0017500875043752187,0.021736086804340218,293,50,1.8662420382165605,0.30763038151907596,5,7
2025-05-08,354640,232,195,1528.6206896551723,1.1897435897435897,3,Thursday,0,0.45539702233250623,0.3451923076923077,0.027140198511166252,0.003101736972704715,0.005428039702233251,0.018734491315136475,331,49,1.6974358974358974,0.3056451612903226,5,8
2025-05-09,441967,286,228,1545.3391608391607,1.2543859649122806,4,Friday,0,0.39540758898421674,0.3900547787588484,0.0564046124215213,0.0030015758273093376,0.0,0.028414917831861727,448,58,1.9649122807017543,0.2577853373020836,5,9
2025-05-10,388609,222,163,1750.490990990991,1.361963190184049,5,Saturday,1,0.35809911975319125,0.35634428688686987,0.06920268319606011,0.00622682629984999,0.0007075938977102261,0.035436302397328125,376,50,2.3067484662576687,0.23560046418159689,5,10
2025-05-11,375511,209,150,1796.7033492822966,1.3933333333333333,6,Sunday,1,0.2997012453042269,0.4667672375543527,0.06093412606856568,0.0062117312982518415,0.0,0.03496317330730322,363,55,2.42,0.15405093619664567,5,11
2025-05-12,361988,220,182,1645.4,1.2087912087912087,0,Monday,0,0.3217454722255986,0.4759329038531664,0.04387990762124711,0.0033426522426157775,0.0,0.01835419958672663,325,48,1.7857142857142858,0.2152971921721162,5,12
2025-05-13,404569,246,204,1644.5894308943089,1.2058823529411764,1,Tuesday,0,0.40433399494276623,0.4161070175915604,0.03455776394137959,0.0021751543000081567,0.0,0.017074961255064032,336,44,1.6470588235294117,0.2676799260447538,5,13
2025-05-14,458128,266,239,1722.2857142857142,1.112970711297071,2,Wednesday,0,0.3966817134076066,0.4024923165578179,0.04050614675374568,0.0043219362274298885,0.001200537840952747,0.015631002689204764,383,54,1.602510460251046,0.30006242796772953,5,14
2025-05-15,420908,260,212,1618.876923076923,1.2264150943396226,3,Thursday,0,0.4037483617300131,0.3833813892529489,0.03612057667103539,0.004980340760157274,0.001965923984272608,0.015307994757536043,376,55,1.7735849056603774,0.2712975098296199,5,15
2025-05-16,406527,246,201,1652.5487804878048,1.2238805970149254,4,Friday,0,0.345871009913934,0.4262446889639394,0.04818062969822421,0.00463013400152522,0.0013618041180956531,0.028951955550713584,369,54,1.835820895522388,0.2520154700947816,5,16
2025-05-17,336755,216,145,1559.0509259259259,1.4896551724137932,5,Saturday,1,0.3837722885653525,0.4334042205136594,0.06278423032880746,0.001963029609029936,0.0008179290037624734,0.0338295435956159,299,48,2.0620689655172413,0.23062326190086702,5,17
2025-05-18,375899,211,158,1781.5118483412323,1.3354430379746836,6,Sunday,1,0.34962517848643504,0.4425571156592099,0.0398024750118991,0.003569728700618753,0.0,0.038434079009995244,327,52,2.069620253164557,0.24461565920990005,5,18
2025-05-19,384901,257,207,1497.669260700389,1.2415458937198067,0,Monday,0,0.37508958004873155,0.4408198366059911,0.040533180450050166,0.0025799054034685394,0.0007166403898523721,0.01731403181883331,354,50,1.710144927536232,0.26257703884190914,5,19
2025-05-20,412077,246,196,1675.1097560975609,1.2551020408163265,1,Tuesday,0,0.31414996129514455,0.42247017056829406,0.0660918773189547,0.0045378106398313005,0.002001975282278515,0.025011344526599578,383,54,1.9540816326530612,0.2462162667164936,5,20
2025-05-21,411301,249,202,1651.8112449799196,1.2326732673267327,2,Wednesday,0,0.408413789414565,0.33465272391752027,0.04800620470166617,0.004279104597363002,0.0,0.024310662993768554,367,44,1.816831683168317,0.2702254553234736,5,21
2025-05-22,420726,260,201,1618.176923076923,1.2935323383084578,3,Thursday,0,0.35261722437847476,0.3352302528060422,0.030105947760411204,0.003671457043952586,0.0013112346585544949,0.011433966222595196,381,48,1.8955223880597014,0.27121577677541175,5,22
2025-05-23,482472,276,204,1748.0869565217392,1.3529411764705883,4,Friday,0,0.3803281715169278,0.42676144100066926,0.05522605063349565,0.005307978121898872,0.0,0.027463017239389813,428,57,2.0980392156862746,0.2747686413883825,5,23
2025-05-24,325654,186,147,1750.8279569892472,1.2653061224489797,5,Saturday,1,0.31144568006843454,0.48513259195893926,0.048999144568006844,0.003421727972626176,0.0025662959794696323,0.03835757057313943,302,52,2.054421768707483,0.24198460222412319,5,24
2025-05-25,353793,210,149,1684.7285714285715,1.4093959731543624,6,Sunday,1,0.328078848366135,0.4725305475235519,0.04464757640767341,0.005285576594223176,0.0,0.03777632683518328,316,52,2.120805369127517,0.2872555420825172,5,25
2025-05-26,401603,238,186,1687.40756302521,1.2795698924731183,0,Monday,0,0.3619026621837623,0.4614727443090999,0.03949181502507854,0.0035826489555200354,0.0013779419059692444,0.025795072479744253,354,53,1.903225806451613,0.26853331863528634,5,26
2025-05-27,367136,228,189,1610.2456140350878,1.2063492063492063,1,Tuesday,0,0.38707454458293383,0.3687080536912752,0.04122722914669223,0.006291946308724832,0.0,0.02819391179290508,330,48,1.746031746031746,0.25380512943432404,5,27
2025-05-28,410890,236,181,1741.0593220338983,1.3038674033149171,2,Wednesday,0,0.33714776909232547,0.4760523276116797,0.07937787090015311,0.00725280038681602,0.0006715555913718537,0.025975770274263305,390,54,2.154696132596685,0.21618717597442716,5,28
2025-05-29,428691,284,229,1509.475352112676,1.240174672489083,3,Thursday,0,0.40841921307599394,0.4323970085579913,0.03382077047621495,0.005910924931253373,0.001284983680707255,0.015908097967155817,387,53,1.6899563318777293,0.2885816350132353,5,29
2025-05-30,352913,204,162,1729.9656862745098,1.2592592592592593,4,Friday,0,0.310133092291868,0.5074338434685036,0.06626562353894586,0.005298756350715332,0.0031169155004207834,0.033880871489573916,326,49,2.0123456790123457,0.21166973163357541,5,30
2025-05-31,345899,189,140,1830.1534391534392,1.35,5,Saturday,1,0.3089404719745018,0.45355912559157785,0.053153472199864785,0.007082836998164901,0.0,0.04742281317407682,322,54,2.3,0.24828563149930782,5,31
2025-06-01,370136,220,158,1682.4363636363637,1.3924050632911393,6,Sunday,1,0.3874512373068104,0.36764837259164407,0.054584437628420836,0.004169024150561329,0.0,0.042613382567523304,363,55,2.2974683544303796,0.25139215627884814,6,1
2025-06-02,422652,267,192,1582.9662921348315,1.390625,0,Monday,0,0.3698512137823023,0.433463847559384,0.046724092926128946,0.00548159749412686,0.0006525711302531976,0.01331245105716523,393,55,2.046875,0.22344035499869486,6,2
2025-06-03,334104,198,154,1687.3939393939395,1.2857142857142858,1,Tuesday,0,0.2989202001580195,0.4967737687648143,0.03328285488543587,0.004938109033447459,0.0,0.036377403213062945,311,57,2.0194805194805197,0.19986173294706347,6,3
2025-06-04,323076,197,164,1639.979695431472,1.201219512195122,2,Wednesday,0,0.41549775296200464,0.41869807980389484,0.04068500612828544,0.006468745744246221,0.0,0.03486313495846384,300,49,1.829268292682927,0.2708021244722865,6,4
2025-06-05,407575,248,187,1643.4475806451612,1.3262032085561497,3,Thursday,0,0.3672256593943341,0.45335395636600456,0.026402908933029413,0.00244220123738196,0.0006783892326061001,0.03429935960056442,340,48,1.8181818181818181,0.24080104200586128,6,5
2025-06-06,478853,281,211,1704.1032028469751,1.3317535545023698,4,Friday,0,0.35571607748408973,0.43241046128118177,0.04308542760254564,0.004180796209411437,0.0011613322803920658,0.02949783992195847,450,56,2.132701421800948,0.2289682724020997,6,6
2025-06-07,399264,224,160,1782.4285714285713,1.4,5,Saturday,1,0.26200933675865307,0.4720035358139278,0.05856191817905583,0.005248473799066324,0.004834120604403193,0.04530261594983564,392,50,2.45,0.1754371426203696,6,7
2025-06-08,249729,148,112,1687.3581081081081,1.3214285714285714,6,Sunday,1,0.4372377466297652,0.32497098473350594,0.026917239532184625,0.0026783322917596645,0.0011159717882331934,0.03182751540041068,226,43,2.017857142857143,0.35447727881439156,6,8
2025-07-01,341869,219,174,1561.0456621004566,1.2586206896551724,1,Tuesday,0,0.4086038804337334,0.3499790855561633,0.01936999259950449,0.00450464944174523,0.0,0.015026223494964446,329,41,1.8908045977011494,0.25319347469352294,7,1
2025-07-02,365178,225,168,1623.0133333333333,1.3392857142857142,2,Wednesday,0,0.33056208205313575,0.4290017470931984,0.04473161033797217,0.003915898548105308,0.001506114826194349,0.030694620157840833,362,51,2.1547619047619047,0.2223627929393337,7,2
2025-07-03,404135,255,193,1584.8431372549019,1.3212435233160622,3,Thursday,0,0.3051903867613837,0.3841757165020005,0.037995699627119565,0.004899158977708827,0.0006804387469040037,0.03119131215807953,414,43,2.145077720207254,0.19267303557333768,7,3
2025-07-04,428109,246,191,1740.280487804878,1.287958115183246,4,Friday,0,0.32891389809604565,0.4816413576916159,0.05447210873866235,0.007194429456049744,0.010277756365785349,0.024640920886970376,434,58,2.2722513089005236,0.2185051003365965,7,4
2025-07-05,280023,160,116,1750.14375,1.3793103448275863,5,Saturday,1,0.39970836033700585,0.31108230719377833,0.04030298120544394,0.00364549578742709,0.0,0.03860174983797796,274,43,2.3620689655172415,0.33749189889825015,7,5
2025-07-06,287830,166,116,1733.9156626506024,1.4310344827586208,6,Sunday,1,0.34231214334171356,0.37080490043497344,0.04844566822299373,0.008779280897082884,0.0,0.04664990622131769,306,49,2.6379310344827585,0.2673291033161738,7,6
2025-07-07,342111,214,156,1598.6495327102805,1.3717948717948718,0,Monday,0,0.4025594032346227,0.3978328671103823,0.0646924536188547,0.006109128323848108,0.004019163370952703,0.029709655638082377,424,46,2.717948717948718,0.3323365808173371,7,7
2025-07-08,306687,204,150,1503.3676470588234,1.36,1,Tuesday,0,0.4374073136325822,0.3870944406264694,0.017108547039461786,0.007595760842044345,0.0018085144862010345,0.02152132238579231,340,44,2.2666666666666666,0.2757261185662097,7,8
2025-07-09,452078,295,225,1532.4677966101694,1.3111111111111111,2,Wednesday,0,0.4112122101555621,0.41664220722042855,0.04818510908913022,0.0029351335485764602,0.0006114861559534293,0.019274043635652088,455,51,2.022222222222222,0.26308580373740337,7,9
2025-07-10,296434,189,145,1568.4338624338625,1.303448275862069,3,Thursday,0,0.4469016697588126,0.3551762523191095,0.05313543599257885,0.0074211502782931356,0.0,0.05220779220779221,328,48,2.2620689655172415,0.30226345083487943,7,10
2025-07-11,396061,236,188,1678.2245762711864,1.2553191489361701,4,Friday,0,0.3549628968364671,0.48066729900128324,0.03537354237571835,0.004184567315739553,0.0027897115438263683,0.02287563465937622,363,49,1.9308510638297873,0.2445182168163812,7,11
2025-07-12,253418,145,110,1747.7103448275861,1.3181818181818181,5,Saturday,1,0.31183262435975345,0.4651445437972046,0.050394999565934545,0.0052087854848511155,0.0,0.043884017709870646,248,46,2.2545454545454544,0.146670717944266,7,12
2025-07-13,287414,159,119,1807.6352201257862,1.3361344537815125,6,Sunday,1,0.3282865157745072,0.4297736617607501,0.0688237328517081,0.009414748491718864,0.0009606886216039657,0.061484071782653804,304,49,2.5546218487394956,0.23913461168965916,7,13
2025-07-14,253838,161,132,1576.6335403726707,1.2196969696969697,0,Monday,0,0.3034884740117451,0.41677622929266367,0.034446489613463055,0.006135507055833114,0.0,0.02164957489701113,261,41,1.9772727272727273,0.18687001490051713,7,14
2025-07-15,328900,197,139,1669.5431472081218,1.4172661870503598,1,Tuesday,0,0.3923076923076923,0.41160535117056857,0.04866220735785953,0.006521739130434782,0.002508361204013378,0.05568561872909699,337,51,2.4244604316546763,0.23926421404682274,7,15
2025-07-16,344669,211,167,1633.5023696682465,1.2634730538922156,2,Wednesday,0,0.3441199936173608,0.5306845380564864,0.049688846337960745,0.0035104515717249082,0.0,0.013499281953087602,336,42,2.0119760479041915,0.21471198340513803,7,16
2025-07-17,929863,526,423,1767.8003802281369,1.243498817966903,3,Thursday,0,0.32171559491446955,0.4365317726943577,0.03547050653497786,0.005579363477724094,0.004451619796056458,0.03620650767459253,1067,81,2.5224586288416075,0.2008452142119446,7,17
2025-07-19,389274,229,172,1699.886462882096,1.3313953488372092,5,Saturday,1,0.4181590053610129,0.3326394433671723,0.033335234401733776,0.0076993270217862435,0.0,0.030112923462986198,415,63,2.4127906976744184,0.33406524466750315,7,19
2025-07-20,291836,166,103,1758.0481927710844,1.6116504854368932,6,Sunday,1,0.2092027822364901,0.4324313995261026,0.05591225254146603,0.009172208209126348,0.0009554383551173279,0.04570817090881296,317,57,3.0776699029126213,0.1693036765267905,7,20
2025-07-21,252373,156,116,1617.775641025641,1.3448275862068966,0,Monday,0,0.32850978511964435,0.3780237981083555,0.04929608159351436,0.005230353484723009,0.0,0.008804428365950398,262,50,2.2586206896551726,0.21910822473085473,7,21
2025-07-22,278217,172,146,1617.5406976744187,1.178082191780822,1,Tuesday,0,0.384710381642897,0.43872998167476696,0.01963986933312087,0.009760178471834913,0.0009959365787586647,0.0192414947016174,310,56,2.1232876712328768,0.2657557166759621,7,22
2025-07-23,344784,209,177,1649.6842105263158,1.1807909604519775,2,Wednesday,0,0.35761230219499746,0.4458269525267994,0.02906457376212353,0.006540326697294538,0.0031904032669729456,0.041283818274629916,359,56,2.0282485875706215,0.23806789178152118,7,23
2025-07-24,364664,226,186,1613.5575221238937,1.2150537634408602,3,Thursday,0,0.4278183415639107,0.4130033023298088,0.020995546399248645,0.005150422637622322,0.0007574150937679886,0.018238555457933167,362,52,1.946236559139785,0.2685187990426273,7,24
2025-07-25,360700,217,173,1662.2119815668202,1.254335260115607,4,Friday,0,0.3578040509577491,0.4006965447713317,0.03051965905966456,0.005804539761097363,0.007484801270888706,0.03259707328995204,400,56,2.3121387283236996,0.2805425717166163,7,25
2025-07-26,303655,181,144,1677.6519337016575,1.2569444444444444,5,Saturday,1,0.3595363158848035,0.36960695526172793,0.02553885165730846,0.006882811084948379,0.008694077159934794,0.02869045462778482,338,55,2.3472222222222223,0.2795508060134034,7,26
2025-07-27,322960,184,138,1755.2173913043478,1.3333333333333333,6,Sunday,1,0.3170299727520436,0.32806539509536786,0.03555858310626703,0.007493188010899182,0.007322888283378746,0.04172343324250681,386,54,2.7971014492753623,0.19298365122615804,7,27
2025-07-28,359403,207,181,1736.2463768115942,1.143646408839779,0,Monday,0,0.3772533896489456,0.4056254399657209,0.04003305481590304,0.005509135983839868,0.00872279864107979,0.023719891041532763,411,56,2.270718232044199,0.24549322070210877,7,28
2025-07-29,457542,295,229,1550.9898305084746,1.2882096069868996,1,Tuesday,0,0.40593532145623545,0.4078233927188226,0.027425445391169635,0.0075038729666924864,0.006656661502711077,0.02420604182804028,494,61,2.1572052401746724,0.2742302478698683,7,29
2025-07-30,338120,193,151,1751.917098445596,1.2781456953642385,2,Wednesday,0,0.3062751118805736,0.49318916800052265,0.05193871884493516,0.009473099663541632,0.006696501486296671,0.024499395681573187,377,60,2.4966887417218544,0.21049880769607682,7,30
2025-07-31,442058,255,203,1733.5607843137254,1.2561576354679802,3,Thursday,0,0.35645683005722817,0.44655386912167205,0.025827320228912664,0.007464543418760886,0.006718089076884797,0.02744463796964419,478,61,2.354679802955665,0.23189848220950485,7,31
2025-08-01,424854,242,189,1755.595041322314,1.2804232804232805,4,Friday,0,0.38141234825740766,0.4266283774964104,0.04451116042292129,0.006134969325153374,0.004568594178305704,0.03803680981595092,404,57,2.1375661375661377,0.26518731236131055,8,1
2025-08-02,338019,189,144,1788.4603174603174,1.3125,5,Saturday,1,0.2326180548493169,0.5085935116444625,0.05261195294755754,0.00661039357266348,0.004237431777348384,0.04715414081833282,325,57,2.2569444444444446,0.1723109257940947,8,2
2025-08-03,289146,175,130,1652.2628571428572,1.3461538461538463,6,Sunday,1,0.2913337898501103,0.47135357224377994,0.03667351441832154,0.005326029064901468,0.00741839762611276,0.037091988130563795,349,55,2.6846153846153844,0.2044434299627178,8,3
2025-08-04,308055,184,141,1674.2119565217392,1.3049645390070923,0,Monday,0,0.273701124799143,0.46041778253883237,0.03449384038564542,0.005713265488305659,0.005534725941796108,0.04320657025531155,308,54,2.1843971631205674,0.16439921442599537,8,4
2025-08-05,303193,180,141,1684.4055555555556,1.2765957446808511,1,Tuesday,0,0.3636396618655444,0.47723397307985344,0.03580887421543373,0.00834451982730472,0.00417225991365236,0.042883575808148604,302,56,2.141843971631206,0.2941987446939738,8,5
2025-08-06,305067,173,145,1763.393063583815,1.193103448275862,2,Wednesday,0,0.3190550836644672,0.4828843279501294,0.03492399110495425,0.011301082716634464,0.007108745579818453,0.04155882031278481,324,58,2.2344827586206897,0.22365207247274982,8,6
2025-08-07,408078,238,184,1714.6134453781513,1.2934782608695652,3,Thursday,0,0.396086042374252,0.4104264380829155,0.03172677772386651,0.0067389077578306105,0.00727802037845706,0.046282818480780634,377,60,2.0489130434782608,0.2795568494258451,8,7
2025-08-08,323123,191,143,1691.7434554973822,1.3356643356643356,4,Friday,0,0.3653265642151482,0.39235729967069155,0.040100164654226125,0.005831503841931943,0.014064215148188803,0.02974066959385291,300,51,2.097902097902098,0.2278745883644347,8,8
2025-08-09,360590,213,164,1692.9107981220657,1.298780487804878,5,Saturday,1,0.31592223452688567,0.46705426356589147,0.04226651901070506,0.010151347360649687,0.0067675649070997905,0.03940568475452196,388,62,2.3658536585365852,0.21044050695213487,8,9
2025-08-10,238008,132,89,1803.090909090909,1.4831460674157304,6,Sunday,1,0.312005951827397,0.3076350785827211,0.06505161350320841,0.007439784246256858,0.0095322235655166,0.073700362689482,260,61,2.9213483146067416,0.1887845252487678,8,10
2025-08-11,284152,170,120,1671.4823529411765,1.4166666666666667,0,Monday,0,0.22905397517219908,0.5084640230377087,0.04198933727672491,0.00856131065883177,0.006031832509631474,0.039459859127524616,285,53,2.375,0.14927812585126668,8,11
2025-08-12,322994,194,149,1664.9175257731958,1.3020134228187918,1,Tuesday,0,0.4021531100478469,0.3755639097744361,0.02696514012303486,0.009569377990430622,0.00786056049213944,0.04354066985645933,326,61,2.1879194630872485,0.2788448393711552,8,12
2025-08-13,390854,230,172,1699.3652173913044,1.3372093023255813,2,Wednesday,0,0.3587162985853202,0.37283474612309697,0.039945567431179656,0.005103053326907266,0.006662319621240042,0.03637343010234457,379,59,2.203488372093023,0.23284098318827431,8,13
2025-08-14,372636,221,166,1686.1357466063348,1.3313253012048192,3,Thursday,0,0.33088322115952296,0.47101192584720747,0.05968827488487425,0.00737985594521195,0.005165899161648365,0.05818278427205101,398,59,2.397590361445783,0.2032412327311371,8,14
2025-08-15,363847,208,167,1749.264423076923,1.2455089820359282,4,Friday,0,0.35686428636212475,0.45034313873688664,0.059467303564410316,0.0042325482963993105,0.007104634640384557,0.04450222208785561,360,59,2.155688622754491,0.23977386099102094,8,15
2025-08-16,316205,179,126,1766.508379888268,1.4206349206349207,5,Saturday,1,0.18900066598899365,0.5221704230782712,0.06081531073644362,0.007711451505485646,0.005783588629114235,0.04027480809001367,320,55,2.5396825396825395,0.1445546636755582,8,16
2025-08-17,254496,152,108,1674.3157894736842,1.4074074074074074,6,Sunday,1,0.17971991701244813,0.4689661134163209,0.016294951590594745,0.008644536652835409,0.012966804979253113,0.048971300138312586,275,57,2.5462962962962963,0.12603734439834025,8,17
2025-08-18,311020,183,142,1699.5628415300546,1.2887323943661972,0,Monday,0,0.3676616211628236,0.37568963078228884,0.05916678455227048,0.006012165794313198,0.0035365681143018812,0.039751025604753146,306,58,2.1549295774647885,0.24066346017824303,8,18
2025-08-19,404217,251,211,1610.4262948207172,1.1895734597156398,1,Tuesday,0,0.4111900291180232,0.4028356056276703,0.02642392576264729,0.006259014341306773,0.002857376112335701,0.03276457942144937,383,54,1.8151658767772512,0.2869349878901679,8,19
2025-08-20,314826,199,154,1582.0402010050252,1.2922077922077921,2,Wednesday,0,0.337991754594368,0.40982461043952206,0.025854237998742226,0.0034938159457759766,0.006638250296974356,0.03266717909300538,302,54,1.9610389610389611,0.22531619034309272,8,20
2025-08-21,341237,193,161,1768.0673575129533,1.1987577639751552,3,Thursday,0,0.40070270444508915,0.39293427457047997,0.06556425877574702,0.002901073397156948,0.0008058537214324856,0.04512780840021919,303,58,1.8819875776397517,0.280114753569932,8,21
2025-08-22,330387,190,151,1738.878947368421,1.2582781456953642,4,Friday,0,0.4056790371785846,0.41945757484327334,0.05330383184149653,0.003687686479600389,0.0,0.04921385229139428,295,52,1.9536423841059603,0.298803178115257,8,22
2025-08-23,273713,151,127,1812.6688741721855,1.188976377952756,5,Saturday,1,0.2854157456898284,0.3943656311537998,0.06956556685287144,0.005626331230157136,0.0020094040107704056,0.06329622633926778,257,60,2.0236220472440944,0.17718924566973435,8,23
2025-08-24,247445,135,101,1832.9259259259259,1.3366336633663367,6,Sunday,1,0.3222049344298733,0.4262280506779284,0.07014892198266282,0.008446321404756613,0.002222716159146477,0.06668148477439431,242,56,2.396039603960396,0.22147143809735498,8,24
2025-08-25,343023,197,146,1741.233502538071,1.3493150684931507,0,Monday,0,0.3323433420365535,0.41530678851174935,0.062140992167101824,0.00685378590078329,0.0008159268929503916,0.06034595300261097,333,59,2.280821917808219,0.20362271540469973,8,25
2025-08-26,309485,191,161,1620.3403141361257,1.186335403726708,1,Tuesday,0,0.3604762751021859,0.42957170783721343,0.02647947396481251,0.004620579349564599,0.0,0.047698596054736093,282,52,1.7515527950310559,0.23891949529056336,8,26
2025-08-27,340360,209,173,1628.5167464114832,1.2080924855491328,2,Wednesday,0,0.43833951853919667,0.3421458832802391,0.03658576636342737,0.004926270156655391,0.0,0.03297316824854675,319,57,1.8439306358381502,0.337153929521495,8,27
2025-08-28,374089,211,174,1772.9336492890995,1.2126436781609196,3,Thursday,0,0.36685190085560554,0.4617035664931934,0.046602569756843376,0.005880450442503896,0.0,0.0495133927258828,350,62,2.0114942528735633,0.240775043368322,8,28
2025-08-29,461978,289,234,1598.5397923875432,1.235042735042735,4,Friday,0,0.4074003523977332,0.3936377922758227,0.06297918948521358,0.005000238106576503,0.0005952664412591076,0.0315491213867327,461,59,1.9700854700854702,0.26696509357588455,8,29
2025-08-30,339590,195,141,1741.4871794871794,1.3829787234042554,5,Saturday,1,0.2793449481907626,0.4175464975648024,0.06282482920929625,0.008498676167750793,0.0,0.08073742359363253,394,56,2.7943262411347516,0.18638250580198085,8,30
2025-08-31,288622,165,128,1749.2242424242424,1.2890625,6,Sunday,1,0.21859819569743233,0.42081116508597427,0.09302953196082966,0.009638368416994371,0.0,0.03778240419461794,294,58,2.296875,0.1705605675071324,8,31
2025-09-01,293062,173,141,1694.0,1.2269503546099292,0,Monday,0,0.2964116808047444,0.5150138878462578,0.0519105172284363,0.005630207942346671,0.0,0.07319270325050672,275,49,1.950354609929078,0.22937467157120336,9,1
2025-09-02,289006,177,151,1632.8022598870057,1.1721854304635762,1,Tuesday,0,0.3589371057159243,0.43578665647103804,0.032651500669088125,0.007264385394761996,0.00019116803670426305,0.047371439495316386,256,52,1.695364238410596,0.2898489772510036,9,2
2025-09-03,338348,198,159,1708.828282828283,1.2452830188679245,2,Wednesday,0,0.383406456682601,0.41195730469517383,0.04636238622225133,0.005566105690524524,0.0008185449544889005,0.04678802959858555,303,54,1.9056603773584906,0.2424202737214328,9,3
2025-09-04,287430,162,136,1774.2592592592594,1.1911764705882353,3,Thursday,0,0.41668580176042863,0.3373899732108687,0.05308075009567547,0.006888633754305396,0.0019135093761959434,0.05541523153463452,261,53,1.9191176470588236,0.30199004975124377,9,4
2025-09-05,247940,149,133,1664.0268456375838,1.1203007518796992,4,Friday,0,0.36277728482697424,0.4226708074534162,0.05545696539485359,0.006654835847382431,0.0,0.028349600709849158,221,43,1.6616541353383458,0.2772404614019521,9,5
2025-09-06,305041,171,131,1783.8654970760233,1.3053435114503817,5,Saturday,1,0.26876059283833975,0.41358046951065597,0.07471782481699181,0.004687894414193502,0.0027045544697270204,0.05492048609859002,288,60,2.198473282442748,0.18308030723738777,9,6
2025-09-07,336211,190,131,1769.5315789473684,1.450381679389313,6,Sunday,1,0.37065535497024105,0.4073197198382164,0.06451612903225806,0.008878366380585973,0.0008220709611653678,0.05363190950642859,320,59,2.4427480916030535,0.28443655256321726,9,7
2025-09-08,301575,169,146,1784.4674556213017,1.1575342465753424,0,Monday,0,0.31776526443634756,0.49265761289610244,0.06966986860991499,0.0069927496227595596,0.0,0.05564756541901292,268,56,1.8356164383561644,0.15744727834823893,9,8
2025-09-09,418737,268,215,1562.4514925373135,1.2465116279069768,1,Tuesday,0,0.37452386581553576,0.4541729056663252,0.053353298132240524,0.0049911997267974885,0.0019702104184726927,0.03785430950692201,379,61,1.7627906976744185,0.2800325741455854,9,9
2025-09-10,336292,203,165,1656.6108374384237,1.2303030303030302,2,Wednesday,0,0.3805442888917964,0.41295957084914303,0.04834489074970561,0.007850320554755985,0.008177417244537485,0.045466439879628416,317,55,1.9212121212121211,0.2753827031270444,9,10
2025-09-11,345554,202,165,1710.6633663366338,1.2242424242424241,3,Thursday,0,0.4210224740561533,0.40701598013624496,0.052842681606926845,0.004774941109059655,0.0007958235181766091,0.05643980390908512,332,61,2.012121212121212,0.2653275609600815,9,11
2025-09-12,390471,224,190,1743.174107142857,1.1789473684210525,4,Friday,0,0.38218348784839,0.4271634545082327,0.055069751118650014,0.00350949024654169,0.002193431404088556,0.03231655602023806,341,60,1.7947368421052632,0.27178077384259935,9,12
2025-09-13,341323,198,141,1723.8535353535353,1.4042553191489362,5,Saturday,1,0.37328601387320537,0.33537667365704144,0.048007743184384576,0.006452653653815131,0.009678980480722698,0.05462171317954509,330,60,2.3404255319148937,0.261396999516051,9,13
2025-09-14,277146,161,123,1721.4037267080746,1.3089430894308942,6,Sunday,1,0.3885937936818563,0.3746954750589081,0.046767043412276846,0.005990654578856983,0.0,0.027437197971164982,253,56,2.0569105691056913,0.235911977315388,9,14
2025-09-15,262482,147,109,1785.591836734694,1.348623853211009,0,Monday,0,0.3330399798843349,0.3180370463498449,0.06717793982063532,0.007124298047104183,0.0010476908892800268,0.016679238957338027,262,55,2.403669724770642,0.25563657698432657,9,15
2025-09-16,284559,169,136,1683.7810650887575,1.2426470588235294,1,Tuesday,0,0.3731493293130774,0.364876879662917,0.03935212029842669,0.005411882948703081,0.0,0.022420657930341335,272,52,2.0,0.28980633190305,9,16
2025-09-17,369116,202,157,1827.3069306930693,1.286624203821656,2,Wednesday,0,0.2791453093336512,0.5005662176659912,0.08487304803909881,0.005662176659911789,0.003725116223626177,0.06654547621885804,365,67,2.3248407643312103,0.20103707235665752,9,17
2025-09-18,385814,236,177,1634.8050847457628,1.3333333333333333,3,Thursday,0,0.41403888920567944,0.35442207903290185,0.05639505046473171,0.006700119746821007,0.0021383360894109598,0.044848035581912526,391,65,2.209039548022599,0.29982323088327534,9,18
2025-09-19,465212,282,220,1649.6879432624114,1.2818181818181817,4,Friday,0,0.41206374728080963,0.3866925186796557,0.042750401967275135,0.005438380781235222,0.005911283457864371,0.03151896339733283,440,62,2.0,0.2990636527002743,9,19
2025-09-20,375993,211,147,1781.9573459715639,1.435374149659864,5,Saturday,1,0.3665203687884768,0.38419393796577217,0.05531827152493446,0.003240154349170815,0.0022091961471619194,0.047129517806120944,370,64,2.5170068027210886,0.27190786179268905,9,20
2025-09-21,261644,159,115,1645.559748427673,1.382608695652174,6,Sunday,1,0.45562534717771225,0.28992009571422467,0.05003632012989788,0.005982139042003162,0.0010682391146434218,0.036918343802076654,267,57,2.3217391304347825,0.2535999658163483,9,21
2025-09-22,290334,178,132,1631.0898876404494,1.3484848484848484,0,Monday,0,0.4083503826627264,0.381942865802834,0.039630218989164204,0.0071986057437296355,0.0,0.051072213381829205,294,61,2.227272727272727,0.31454118360233385,9,22
2025-10-01,345387,203,161,1701.4137931034484,1.2608695652173914,2,Wednesday,0,0.3687208037371216,0.3652652460485058,0.03279580213732642,0.004799385678633135,0.0,0.03545146221283676,316,59,1.9627329192546583,0.23664170986113778,10,1
2025-10-02,369529,218,174,1695.0871559633028,1.2528735632183907,3,Thursday,0,0.39830331894627174,0.44801309718708143,0.03807114153891948,0.005357940169668105,0.000744158356898348,0.029647268938830185,334,52,1.9195402298850575,0.3152254799821402,10,2
2025-10-03,403573,239,183,1688.5899581589958,1.3060109289617485,4,Friday,0,0.4278076340085435,0.40079922833126636,0.037205456800330716,0.0052363235496761746,0.0,0.029350971475816452,360,57,1.9672131147540983,0.29783657158605487,10,3
2025-10-04,303032,178,137,1702.426966292135,1.2992700729927007,5,Saturday,1,0.35604267559989805,0.4157957979827404,0.05618468484870553,0.00655427302188399,0.0027309470924516623,0.04416851764191822,300,60,2.18978102189781,0.24338200487929215,10,4
2025-10-05,346953,182,133,1906.3351648351647,1.368421052631579,6,Sunday,1,0.23308080007607695,0.5009668114242242,0.06472881732018892,0.007924683805116175,0.0007924683805116176,0.0829872888071766,372,68,2.7969924812030076,0.15763781025137097,10,5
2025-10-06,287166,178,143,1613.2921348314608,1.2447552447552448,0,Monday,0,0.45813223013866544,0.39213207691718377,0.035738910595265454,0.0065119129701984215,0.008618708342909676,0.026239178732858345,268,58,1.8741258741258742,0.29525779514287903,10,6
2025-10-07,384670,222,189,1732.7477477477478,1.1746031746031746,1,Tuesday,0,0.40752073205604805,0.3967686588504432,0.04515298827566486,0.010008578781812983,0.0021446954532456392,0.041893051186731485,382,60,2.0211640211640214,0.2553903345724907,10,7
2025-10-08,375227,218,175,1721.2247706422017,1.2457142857142858,2,Wednesday,0,0.33544229297863576,0.45488788181978695,0.046877758813489497,0.005002648460949915,0.0014713671943970337,0.0358130775116238,341,56,1.9485714285714286,0.20743334706609382,10,8
2025-10-09,502727,305,237,1648.2852459016394,1.2869198312236287,3,Thursday,0,0.3398439212591521,0.4483975623657328,0.03371476171686615,0.0047130518654916916,0.002740146433425402,0.021482748038055152,453,65,1.9113924050632911,0.2390942171949669,10,9
2025-10-10,366695,217,180,1689.8387096774193,1.2055555555555555,4,Friday,0,0.3292535873628361,0.39756421078017606,0.03412516580248402,0.007837935608344386,0.0,0.029271674906547692,343,63,1.9055555555555554,0.23019413963583746,10,10
2025-10-11,263588,144,110,1830.4722222222222,1.309090909090909,5,Saturday,1,0.28609581038224,0.4598564513436822,0.047362710732765816,0.008345852111500584,0.003129694541812719,0.03334167918544483,253,58,2.3,0.22704890669337338,10,11
2025-10-12,285901,171,119,1671.93567251462,1.4369747899159664,6,Sunday,1,0.4010619060444,0.39729137008964643,0.05240275479973837,0.008849217036666539,0.0,0.03762840983417337,297,55,2.495798319327731,0.3002577815397638,10,12
2025-10-13,307394,171,127,1797.625730994152,1.3464566929133859,0,Monday,0,0.3276258166415392,0.43987364491348985,0.059049465144662215,0.00574341302318903,0.0008974082848732859,0.02896833943570967,296,56,2.3307086614173227,0.22952114293919162,10,13
2025-10-14,313335,191,157,1640.497382198953,1.21656050955414,1,Tuesday,0,0.4848516763208706,0.33677374056520976,0.03149025803054239,0.00561699139898192,0.000877654906090925,0.03675618746708794,275,59,1.7515923566878981,0.3332982271370897,10,14
2025-10-15,355267,214,171,1660.1261682242991,1.2514619883040936,2,Wednesday,0,0.40338111898937984,0.37384277177446823,0.020156670898225842,0.0030962628107873797,0.0,0.031674768554354894,317,53,1.8538011695906433,0.25754714060129424,10,15
2025-10-16,372746,212,176,1758.2358490566037,1.2045454545454546,3,Thursday,0,0.33373664640264417,0.4570028920498141,0.062120049577996814,0.006197249601605383,0.0022133034291447794,0.039721418875051644,356,57,2.022727272727273,0.24868677329870742,10,16
2025-10-17,441218,261,210,1690.4904214559388,1.2428571428571429,4,Friday,0,0.34887495941862495,0.39902105236870367,0.02747046924556102,0.004994630771920186,0.006867617311390255,0.023075194166271257,392,60,1.8666666666666667,0.24506155882426392,10,17
2025-10-18,330326,193,139,1711.5336787564768,1.3884892086330936,5,Saturday,1,0.2784750654406336,0.43821733002214913,0.06533995570172495,0.004027115913819719,0.0008389824820457749,0.023726424592254512,301,57,2.1654676258992804,0.18900597355527216,10,18
2025-10-19,336809,192,131,1754.2135416666667,1.465648854961832,6,Sunday,1,0.2890688788007446,0.467748783435122,0.0755739900062053,0.007185081158757634,0.005715405467193573,0.04905450863842712,338,65,2.5801526717557253,0.21532381854404128,10,19
2025-10-20,325149,201,166,1617.6567164179105,1.2108433734939759,0,Monday,0,0.3474407117967455,0.38593998443790384,0.02807943435163571,0.0030447579417436314,0.0025372982847863593,0.036266450150546366,291,53,1.7530120481927711,0.24002841774078962,10,20
2025-10-21,359480,214,179,1679.8130841121495,1.1955307262569832,1,Tuesday,0,0.391156670746634,0.3880660954712362,0.01796205630354957,0.007037943696450428,0.0030599755201958386,0.029039167686658506,326,59,1.8212290502793296,0.2630354957160343,10,21
2025-10-22,395417,221,178,1789.2171945701357,1.2415730337078652,2,Wednesday,0,0.3351600968091913,0.41124433193312376,0.04295212396027485,0.003894622638885025,0.004172809970233955,0.039613875984087686,378,62,2.1235955056179776,0.24989567975074414,10,22
2025-10-23,391051,233,178,1678.3304721030042,1.3089887640449438,3,Thursday,0,0.3516238979183685,0.487000366186868,0.05960395481817413,0.007746260668713557,0.0007042055153375961,0.05112532041350948,400,65,2.247191011235955,0.2541055181544182,10,23
2025-10-24,435358,253,183,1720.7826086956522,1.3825136612021858,4,Friday,0,0.3598969124260953,0.4011824751124362,0.03959270301682753,0.004674314012835414,0.0006316640557885694,0.03350346151902572,408,63,2.2295081967213113,0.24384759209661933,10,24
2025-10-25,345325,206,150,1676.3349514563106,1.3733333333333333,5,Saturday,1,0.4199422891952549,0.3334722667521642,0.03998076306508496,0.005771080474511061,0.0008015389547932029,0.03770439243347227,306,65,2.04,0.32978518756011543,10,25
2025-10-26,319158,186,146,1715.9032258064517,1.273972602739726,6,Sunday,1,0.28838108630690806,0.40056248901388647,0.04594832132184918,0.0077342239409386535,0.0008788890841975743,0.033819651959922654,297,56,2.0342465753424657,0.27122517138337143,10,26
2025-10-27,395506,236,179,1675.8728813559321,1.318435754189944,0,Monday,0,0.42335235537652455,0.42324046100481144,0.05603110663533624,0.006853530267427548,0.006993398232068927,0.03955466040058185,395,66,2.206703910614525,0.2978348439073515,10,27
2025-10-28,359854,217,175,1658.3133640552996,1.24,1,Tuesday,0,0.4179861832854435,0.36455340221311977,0.030506816653420553,0.004585192883780644,0.0015283976279268814,0.02167267836400318,349,60,1.9942857142857142,0.34123005441095555,10,28
2025-10-29,446633,282,238,1583.8049645390072,1.184873949579832,2,Wednesday,0,0.41713666477846467,0.3613033519690663,0.023003226362584044,0.004679457182966776,0.0006157180503903653,0.02127921582149102,393,57,1.6512605042016806,0.27675294928946137,10,29
2025-10-30,415272,249,196,1667.7590361445782,1.2704081632653061,3,Thursday,0,0.3935332506337306,0.4457958038940726,0.03373604444204736,0.0056631249662909226,0.0006741815436060622,0.02351545224097945,396,63,2.020408163265306,0.2805404239253546,10,30
2025-10-31,341924,204,170,1676.0980392156862,1.2,4,Friday,0,0.4358834126881997,0.41130485137048,0.029178998841847895,0.009007849697593617,0.0008042722944280016,0.02660532749967829,337,58,1.9823529411764707,0.31971432248101916,10,31
2025-11-01,287331,156,118,1841.8653846153845,1.3220338983050848,5,Saturday,1,0.32024041958577387,0.4531220091114429,0.04375789594579074,0.006125339764940087,0.0,0.04019754220741932,270,52,2.288135593220339,0.24765514337123387,11,1
2025-11-02,306735,180,129,1704.0833333333333,1.3953488372093024,6,Sunday,1,0.4072798995875919,0.3376008606777838,0.047588309126770666,0.009324009324009324,0.0035861574323112783,0.03887394656625426,303,64,2.3488372093023258,0.28007889546351084,11,2
2025-11-03,306938,170,121,1805.5176470588235,1.4049586776859504,0,Monday,0,0.29844779774552527,0.4167176864623474,0.07631360968055606,0.0077430042856628375,0.0,0.03291677170742248,287,57,2.371900826446281,0.21936111211149925,11,3
2025-11-04,331133,195,154,1698.1179487179488,1.2662337662337662,1,Tuesday,0,0.45663222934591235,0.3064810816197721,0.019134305550941765,0.007308241703484703,0.0008304820117596253,0.03800285685812045,314,57,2.038961038961039,0.31943660100322224,11,4
2025-11-05,339383,200,157,1696.915,1.2738853503184713,2,Wednesday,0,0.37934722717401875,0.46040903639840536,0.042394580753897515,0.005509999027647231,0.0,0.03811622856772437,308,59,1.9617834394904459,0.25177454380449227,11,5
2025-11-06,403712,242,190,1668.2314049586778,1.2736842105263158,3,Thursday,0,0.31684576053372704,0.43914909906214966,0.03445164465589369,0.005468515024745031,0.0027342575123725154,0.045716785606868454,374,64,1.9684210526315788,0.23112678752084873,11,6
2025-11-07,421276,239,186,1762.6610878661088,1.2849462365591398,4,Friday,0,0.3339250287146288,0.4441108906755769,0.06787094079565625,0.004959799519682573,0.0013052103999164665,0.031246736974000208,394,62,2.118279569892473,0.21507256969823535,11,7
2025-11-08,305910,187,128,1635.8823529411766,1.4609375,5,Saturday,1,0.3483279395900755,0.40485436893203886,0.0697950377562028,0.007551240560949299,0.002696871628910464,0.035239122617763394,314,58,2.453125,0.2859403092412801,11,8
2025-11-09,348524,196,146,1778.1836734693877,1.3424657534246576,6,Sunday,1,0.35841434162353236,0.3576568615073854,0.05520136346420906,0.006470142658755207,0.005523292513571519,0.03841055422295165,326,61,2.232876712328767,0.2602259815679838,11,9
2025-11-10,302220,186,150,1624.8387096774193,1.24,0,Monday,0,0.34349978162760225,0.4876983549279371,0.04079924297568787,0.007279079924297569,0.0018197699810743922,0.05131751346629786,296,59,1.9733333333333334,0.21302227398456836,11,10
2025-11-11,386512,232,181,1666.0,1.281767955801105,1,Tuesday,0,0.42313357400722024,0.38345126353790615,0.032808664259927796,0.0077978339350180505,0.0021660649819494585,0.023826714801444042,356,63,1.9668508287292819,0.3153212996389892,11,11
2025-11-12,417197,238,192,1752.9285714285713,1.2395833333333333,2,Wednesday,0,0.4271890737469349,0.3636195849922219,0.02623460859018641,0.005536952566773012,0.0,0.02963587945263269,368,58,1.9166666666666667,0.3200622248002742,11,12
2025-11-13,424298,251,207,1690.430278884462,1.21256038647343,3,Thursday,0,0.33299631876393426,0.3784414372375175,0.04007880956084409,0.007258775340903199,0.0012962098823041427,0.037538238191527976,390,66,1.8840579710144927,0.2623788043760046,11,13
2025-11-14,389466,242,182,1609.3636363636363,1.3296703296703296,4,Friday,0,0.39911314466474607,0.45164661356832175,0.06021578263571146,0.004236570072869005,0.0007060950121448342,0.013641755634638196,366,57,2.010989010989011,0.2888493475682088,11,14
2025-11-15,372405,209,157,1781.842105263158,1.3312101910828025,5,Saturday,1,0.2770048737261852,0.3847585290208241,0.056948752030719245,0.0085659429921725,0.0,0.07068379855265101,359,62,2.286624203821656,0.22519568749076946,11,15
2025-11-16,354871,187,137,1897.7058823529412,1.364963503649635,6,Sunday,1,0.3432937602678156,0.37103623570255106,0.07987973094448406,0.007439323021605034,0.003099717925668764,0.03939741483524999,338,60,2.4671532846715327,0.2367564551625802,11,16
2025-11-17,351549,218,166,1612.6100917431193,1.3132530120481927,0,Monday,0,0.36471729403297976,0.44675991113614316,0.0467786851904002,0.006883819894239494,0.001564504521418067,0.055070559153915954,365,66,2.1987951807228914,0.24575237022434995,11,17
2025-11-18,353936,219,171,1616.146118721461,1.280701754385965,1,Tuesday,0,0.40023620089507705,0.41182869219293883,0.02259448035803083,0.0031079065141720536,0.0023309298856290404,0.017746146195922425,317,52,1.8538011695906433,0.23452262555942316,11,18
2025-11-19,501897,309,264,1624.2621359223301,1.1704545454545454,2,Wednesday,0,0.428693536721678,0.3317772371622066,0.02899598921691104,0.006794222719004098,0.0027396059350822976,0.020492252394415586,456,52,1.7272727272727273,0.27597694347645035,11,19
2025-11-20,403274,247,201,1632.6882591093117,1.228855721393035,3,Thursday,0,0.4554292756401479,0.3768588251403533,0.020265644255785295,0.0038340408051485693,0.0027386005751061206,0.029001780090373817,364,56,1.8109452736318408,0.2775845542927564,11,20
2025-11-21,493058,270,204,1826.1407407407407,1.3235294117647058,4,Friday,0,0.36616913196231565,0.40412200416228433,0.06485107525678609,0.005818246917448027,0.0005594468189853872,0.040459193949023205,447,74,2.1911764705882355,0.23767538657775192,11,21
2025-11-22,351285,173,122,2030.549132947977,1.4180327868852458,5,Saturday,1,0.31607953655863474,0.3381869422263974,0.05761703460153437,0.006575857209957727,0.0,0.0443400657585721,309,69,2.5327868852459017,0.2678878972913731,11,22
2025-11-23,397370,203,140,1957.487684729064,1.45,6,Sunday,1,0.33610142279798483,0.3711731163151193,0.03617892930299507,0.008581077340419642,0.0023528760449537727,0.04240713059846094,347,69,2.4785714285714286,0.21447157172119802,11,23
2025-11-24,336731,165,116,2040.7939393939394,1.4224137931034482,0,Monday,0,0.35936775134203724,0.35840678640068924,0.059149048976075286,0.006295977201935184,0.0003313672211544834,0.03075087812313606,297,62,2.560344827586207,0.25193849824375375,11,24
2025-11-25,350293,186,154,1883.2956989247311,1.2077922077922079,1,Tuesday,0,0.28013835559927647,0.5333671817979881,0.039063243740678454,0.006346587122774728,0.0004759940342081046,0.026877796464950972,299,69,1.9415584415584415,0.22397105956272015,11,25
2025-11-26,348017,188,152,1851.154255319149,1.236842105263158,2,Wednesday,0,0.3228577816102967,0.4534508639136406,0.04707610743828047,0.004471272076905879,0.00558909009613235,0.037239308869087544,326,71,2.1447368421052633,0.23777586151831626,11,26
2025-11-27,430531,235,185,1832.0468085106384,1.2702702702702702,3,Thursday,0,0.33204204436868884,0.44286046331448053,0.031920663206012244,0.004261253583326877,0.0009039022752511557,0.020118282069161438,368,65,1.9891891891891893,0.27006017406575245,11,27
2025-11-28,396913,218,174,1820.7018348623853,1.2528735632183907,4,Friday,0,0.3925394229969792,0.4360502175539728,0.02743674306460106,0.00471135992018402,0.0006928470470858853,0.026799323781282046,348,67,2.0,0.2555219909652745,11,28
2025-11-29,441634,245,181,1802.5877551020408,1.3535911602209945,5,Saturday,1,0.36318804483188044,0.36435865504358655,0.06425902864259028,0.005977584059775841,0.0037359900373599006,0.04301369863013699,406,70,2.2430939226519335,0.29033623910336237,11,29
2025-11-30,275654,130,106,2120.4153846153845,1.2264150943396226,6,Sunday,1,0.2808063032436108,0.4591848978122625,0.08834939807223133,0.006599208095028597,0.0,0.039395272567291924,265,70,2.5,0.21077470703515577,11,30
2025-12-01,375708,194,161,1936.639175257732,1.204968944099379,0,Monday,0,0.37406925895284243,0.41029429145491075,0.04272544616475594,0.0050230469211677104,0.003102470157191821,0.03740692589528424,325,67,2.018633540372671,0.274701571918213,12,1
2025-12-02,360917,192,160,1879.7760416666667,1.2,1,Tuesday,0,0.41215638362858886,0.4376908979841173,0.03136835675015272,0.006414172266340868,0.0030543677458766036,0.03472816127061698,304,60,1.9,0.2941967012828344,12,2
2025-12-03,426619,233,184,1830.9828326180257,1.266304347826087,2,Wednesday,0,0.3808115400581154,0.450887297633873,0.04428704856787048,0.0062266500622665,0.0,0.026177874636778748,370,61,2.010869565217391,0.24623806558738065,12,3
2025-12-04,372394,194,161,1919.5567010309278,1.204968944099379,3,Thursday,0,0.3663378035091865,0.4632835115495953,0.055532581083476105,0.003840018904708454,0.000738465173982395,0.03370355054055651,304,58,1.8881987577639752,0.24868553199031135,12,4
2025-12-05,420981,226,193,1862.7477876106195,1.1709844559585492,4,Friday,0,0.4213373050090147,0.3558830446029631,0.0361631522562776,0.007838833581563063,0.001306472263593844,0.02335972407305793,346,62,1.7927461139896372,0.27519531760340726,12,5
2025-12-06,313038,165,128,1897.2,1.2890625,5,Saturday,1,0.34714315833860426,0.35856349708342117,0.038231780167264036,0.003513950383020592,0.002108370229812355,0.02726825497223979,268,56,2.09375,0.2604188628856561,12,6
2025-12-07,436356,222,160,1965.5675675675675,1.3875,6,Sunday,1,0.39781670474739783,0.37042396547347045,0.043818227976643816,0.0063467885250063465,0.002284843869002285,0.028052805280528052,368,67,2.3,0.2995176440720995,12,7
2025-12-08,320227,180,146,1779.0388888888888,1.2328767123287672,0,Monday,0,0.3854386025477267,0.3859909552249111,0.030621051541409188,0.0056961369834639414,0.0,0.01829668243173266,271,56,1.856164383561644,0.2894673248869403,12,8
2025-12-09,433097,252,210,1718.638888888889,1.2,1,Tuesday,0,0.40021918646141297,0.42142420226322763,0.050158018146600064,0.004332755632582322,0.0006371699459679886,0.022020593332653684,377,61,1.7952380952380953,0.255454174737486,12,9
2025-12-10,379311,194,157,1955.2113402061855,1.2356687898089171,2,Wednesday,0,0.4312569326872555,0.39509019790997724,0.035991593204506976,0.006129955046996322,0.0007297565532138479,0.007209994745752817,309,57,1.9681528662420382,0.2719364819896083,12,10
2025-12-11,403238,210,166,1920.1809523809525,1.2650602409638554,3,Thursday,0,0.4033226035244694,0.3748158655682252,0.04100060014185171,0.005728626766326586,0.0006819793769436412,0.027688362703911833,330,61,1.9879518072289157,0.2665720988597305,12,11
2025-12-12,431723,217,166,1989.5069124423962,1.3072289156626506,4,Friday,0,0.34306606537746187,0.44189660883079823,0.0540141150092996,0.005350454788657036,0.00025478356136462077,0.03638309256286784,374,65,2.253012048192771,0.23175112741725903,12,12
2025-12-13,389279,199,142,1956.175879396985,1.4014084507042253,5,Saturday,1,0.4083189691712114,0.3433552798892311,0.05080674785950436,0.006781768346096244,0.0,0.024696939727033823,326,58,2.295774647887324,0.3069032750289638,12,13
2025-12-14,352228,170,116,2071.929411764706,1.4655172413793103,6,Sunday,1,0.3838271037246272,0.39584838730867766,0.04223871772975103,0.0062405570518294685,0.002791828154765815,0.02910070288379426,282,63,2.4310344827586206,0.3145569204493201,12,14
2025-12-15,352088,185,151,1903.1783783783783,1.2251655629139073,0,Monday,0,0.4219570107473132,0.43367283179205196,0.041208447888027994,0.004686328417895526,0.001562109472631842,0.02402524368907773,308,57,2.0397350993377485,0.27374406398400397,12,15
2025-12-16,337205,176,144,1915.9375,1.2222222222222223,1,Tuesday,0,0.35994128200946013,0.43072908171587015,0.027956287718153644,0.005545587995433045,0.0026096884684390803,0.023389332898385254,304,62,2.111111111111111,0.19080084814875226,12,16
2025-12-17,446927,231,173,1934.7489177489178,1.3352601156069364,2,Wednesday,0,0.3498959675022293,0.42304072129198456,0.044758743683741206,0.005944714158327554,0.0013623303279500644,0.026255820865946695,374,68,2.161849710982659,0.23414742891112653,12,17
2025-12-18,393514,212,156,1856.198113207547,1.358974358974359,3,Thursday,0,0.32627047576452173,0.46223514284116957,0.028680046961480406,0.0069883155364231005,0.0069883155364231005,0.04774417174484262,352,68,2.2564102564102564,0.24741432325152346,12,18
2025-12-19,499356,290,221,1721.9172413793103,1.3122171945701357,4,Friday,0,0.3993303374746674,0.446933650541898,0.038813992422239846,0.003304255881575469,0.0,0.028108203365935325,443,60,2.004524886877828,0.28989338267688786,12,19
2025-12-20,324812,163,110,1992.7116564417179,1.481818181818182,5,Saturday,1,0.40626063286832254,0.3486560054440286,0.041680843824430075,0.004083021435862538,0.0025518883974140864,0.033378700238176254,259,60,2.3545454545454545,0.32722014290575024,12,20
2025-12-21,319281,152,101,2100.532894736842,1.504950495049505,6,Sunday,1,0.32047352288341613,0.43452066377761334,0.05517387168375436,0.008808089349258358,0.0017616178698516719,0.0459429940457316,286,66,2.8316831683168315,0.262375365535708,12,21
2025-12-22,236038,127,99,1858.5669291338584,1.2828282828282829,0,Monday,0,0.34318203001211667,0.4331251747599963,0.03150340199459409,0.011650666418119116,0.0,0.031689812657283996,219,60,2.212121212121212,0.24857861869698947,12,22
2026-01-05,327822,198,137,1655.6666666666667,1.4452554744525548,0,Monday,0,0.4387960539561103,0.4146366015703644,0.05207704180927455,0.005536541171733441,0.007583383665525804,0.9316824374203073,294,51,2.145985401459854,0.3840010737534394,1,5
2026-01-06,317537,191,148,1662.497382198953,1.2905405405405406,1,Tuesday,0,0.43700419163751,0.31537742058405793,0.02532303322132539,0.004156995877645755,0.0076558007413309315,0.9612013718086396,267,48,1.804054054054054,0.3390030138220113,1,6
2026-01-07,305800,179,142,1708.3798882681565,1.2605633802816902,2,Wednesday,0,0.4489208633093525,0.3502158273381295,0.049676258992805755,0.0028776978417266188,0.00420863309352518,0.9164388489208634,284,57,2.0,0.312410071942446,1,7
2026-01-08,361889,213,173,1699.0093896713615,1.23121387283237,3,Thursday,0,0.44937536095322045,0.34994984649989364,0.02440803671844129,0.0021277242469375968,0.0035563390984528404,0.9571415544545427,295,45,1.7052023121387283,0.26976503845101674,1,8
2026-01-09,372218,214,183,1739.3364485981308,1.169398907103825,4,Friday,0,0.3625214256161712,0.4797564867899994,0.041048525326555944,0.002068680182043856,0.005378568473314025,0.4535138010520716,311,54,1.6994535519125684,0.2571369466280513,1,9
2026-01-10,363935,209,153,1741.3157894736842,1.3660130718954249,5,Saturday,1,0.35862173190267493,0.406649539066042,0.03886957835877286,0.003627021308750189,0.012966601178781925,0.9301798398065588,319,57,2.084967320261438,0.266918543146441,1,10
2026-01-11,304645,170,118,1792.0294117647059,1.4406779661016949,6,Sunday,1,0.25369200216645604,0.5367033760606608,0.05661671781910092,0.0028886080519949448,0.021122946380213035,0.9118252392128543,285,54,2.4152542372881354,0.16483119696696155,1,11
2026-01-12,303061,157,102,1930.3248407643312,1.5392156862745099,0,Monday,0,0.36093063772639833,0.506442597364887,0.052012631120467494,0.0036296323182461615,0.012740009437044028,0.9245036477804799,278,54,2.7254901960784315,0.19560088563028566,1,12
2026-01-13,293491,167,131,1757.4311377245508,1.2748091603053435,1,Tuesday,0,0.3534725085266669,0.47434503954124657,0.03867920992466549,0.0026235898204714967,0.008770285971290431,0.9318991042314756,246,58,1.8778625954198473,0.1767924740452007,1,13
2026-01-14,336632,193,160,1744.2072538860104,1.20625,2,Wednesday,0,0.35759760164381715,0.4416411223767979,0.02357934449422306,0.005052716677333513,0.008758042240711422,0.9343146831946644,301,56,1.88125,0.2830195034863745,1,14
2026-01-15,396792,233,174,1702.969957081545,1.339080459770115,3,Thursday,0,0.3257096917276558,0.5331281880683079,0.03689842537147926,0.003603903304502107,0.009730538922155689,0.9367376358394323,340,57,1.9540229885057472,0.2435129740518962,1,15
2026-01-16,393382,228,168,1725.359649122807,1.3571428571428572,4,Friday,0,0.3660869078910575,0.4917230579945193,0.0526816173592081,0.0041943962865611546,0.008724344276047201,0.9269895419719255,341,55,2.0297619047619047,0.2568648285890051,1,16
2026-01-17,318516,177,128,1799.5254237288136,1.3828125,5,Saturday,1,0.39442602569415663,0.32020997375328086,0.04196021549937837,0.006216328222130129,0.018407238568863102,0.9309987567343556,290,49,2.265625,0.3083989501312336,1,17
2026-01-18,338224,194,135,1743.4226804123712,1.4370370370370371,6,Sunday,1,0.3416609516344992,0.45449201528362887,0.0314816629110741,0.003918879200548643,0.011038176414878679,0.9463766696058261,305,60,2.259259259259259,0.2481303680480716,1,18
2026-01-19,402358,231,177,1741.8095238095239,1.305084745762712,0,Monday,0,0.3312100169500793,0.4507900924052709,0.039723330963967414,0.003007272130788999,0.010662146645524633,0.4788397397342665,363,58,2.0508474576271185,0.20556071955820437,1,19
2026-01-20,319964,188,146,1701.936170212766,1.2876712328767124,1,Tuesday,0,0.3482201542878888,0.40014529352751926,0.035631507939253466,0.0020756218217040856,0.006745770920538278,0.9467257065762618,275,57,1.8835616438356164,0.28740443491195905,1,20
